-- MySQL dump 10.13  Distrib 5.1.63, for debian-linux-gnu (i686)
--
-- Host: localhost    Database: coppers
-- ------------------------------------------------------
-- Server version	5.1.63-0ubuntu0.11.10.1

/*!40101 SET @OLD_CHARACTER_SET_CLIENT=@@CHARACTER_SET_CLIENT */;
/*!40101 SET @OLD_CHARACTER_SET_RESULTS=@@CHARACTER_SET_RESULTS */;
/*!40101 SET @OLD_COLLATION_CONNECTION=@@COLLATION_CONNECTION */;
/*!40101 SET NAMES utf8 */;
/*!40103 SET @OLD_TIME_ZONE=@@TIME_ZONE */;
/*!40103 SET TIME_ZONE='+00:00' */;
/*!40014 SET @OLD_UNIQUE_CHECKS=@@UNIQUE_CHECKS, UNIQUE_CHECKS=0 */;
/*!40014 SET @OLD_FOREIGN_KEY_CHECKS=@@FOREIGN_KEY_CHECKS, FOREIGN_KEY_CHECKS=0 */;
/*!40101 SET @OLD_SQL_MODE=@@SQL_MODE, SQL_MODE='NO_AUTO_VALUE_ON_ZERO' */;
/*!40111 SET @OLD_SQL_NOTES=@@SQL_NOTES, SQL_NOTES=0 */;

--
-- Table structure for table `auth_group`
--

DROP TABLE IF EXISTS `auth_group`;
/*!40101 SET @saved_cs_client     = @@character_set_client */;
/*!40101 SET character_set_client = utf8 */;
CREATE TABLE `auth_group` (
  `id` int(11) NOT NULL AUTO_INCREMENT,
  `name` varchar(80) NOT NULL,
  PRIMARY KEY (`id`),
  UNIQUE KEY `name` (`name`)
) ENGINE=MyISAM DEFAULT CHARSET=latin1;
/*!40101 SET character_set_client = @saved_cs_client */;

--
-- Dumping data for table `auth_group`
--

LOCK TABLES `auth_group` WRITE;
/*!40000 ALTER TABLE `auth_group` DISABLE KEYS */;
/*!40000 ALTER TABLE `auth_group` ENABLE KEYS */;
UNLOCK TABLES;

--
-- Table structure for table `auth_group_permissions`
--

DROP TABLE IF EXISTS `auth_group_permissions`;
/*!40101 SET @saved_cs_client     = @@character_set_client */;
/*!40101 SET character_set_client = utf8 */;
CREATE TABLE `auth_group_permissions` (
  `id` int(11) NOT NULL AUTO_INCREMENT,
  `group_id` int(11) NOT NULL,
  `permission_id` int(11) NOT NULL,
  PRIMARY KEY (`id`),
  UNIQUE KEY `group_id` (`group_id`,`permission_id`),
  KEY `auth_group_permissions_425ae3c4` (`group_id`),
  KEY `auth_group_permissions_1e014c8f` (`permission_id`)
) ENGINE=MyISAM DEFAULT CHARSET=latin1;
/*!40101 SET character_set_client = @saved_cs_client */;

--
-- Dumping data for table `auth_group_permissions`
--

LOCK TABLES `auth_group_permissions` WRITE;
/*!40000 ALTER TABLE `auth_group_permissions` DISABLE KEYS */;
/*!40000 ALTER TABLE `auth_group_permissions` ENABLE KEYS */;
UNLOCK TABLES;

--
-- Table structure for table `auth_message`
--

DROP TABLE IF EXISTS `auth_message`;
/*!40101 SET @saved_cs_client     = @@character_set_client */;
/*!40101 SET character_set_client = utf8 */;
CREATE TABLE `auth_message` (
  `id` int(11) NOT NULL AUTO_INCREMENT,
  `user_id` int(11) NOT NULL,
  `message` longtext NOT NULL,
  PRIMARY KEY (`id`),
  KEY `auth_message_403f60f` (`user_id`)
) ENGINE=MyISAM DEFAULT CHARSET=latin1;
/*!40101 SET character_set_client = @saved_cs_client */;

--
-- Dumping data for table `auth_message`
--

LOCK TABLES `auth_message` WRITE;
/*!40000 ALTER TABLE `auth_message` DISABLE KEYS */;
/*!40000 ALTER TABLE `auth_message` ENABLE KEYS */;
UNLOCK TABLES;

--
-- Table structure for table `auth_permission`
--

DROP TABLE IF EXISTS `auth_permission`;
/*!40101 SET @saved_cs_client     = @@character_set_client */;
/*!40101 SET character_set_client = utf8 */;
CREATE TABLE `auth_permission` (
  `id` int(11) NOT NULL AUTO_INCREMENT,
  `name` varchar(50) NOT NULL,
  `content_type_id` int(11) NOT NULL,
  `codename` varchar(100) NOT NULL,
  PRIMARY KEY (`id`),
  UNIQUE KEY `content_type_id` (`content_type_id`,`codename`),
  KEY `auth_permission_1bb8f392` (`content_type_id`)
) ENGINE=MyISAM AUTO_INCREMENT=52 DEFAULT CHARSET=latin1;
/*!40101 SET character_set_client = @saved_cs_client */;

--
-- Dumping data for table `auth_permission`
--

LOCK TABLES `auth_permission` WRITE;
/*!40000 ALTER TABLE `auth_permission` DISABLE KEYS */;
INSERT INTO `auth_permission` VALUES (1,'Can add permission',1,'add_permission'),(2,'Can change permission',1,'change_permission'),(3,'Can delete permission',1,'delete_permission'),(4,'Can add group',2,'add_group'),(5,'Can change group',2,'change_group'),(6,'Can delete group',2,'delete_group'),(7,'Can add user',3,'add_user'),(8,'Can change user',3,'change_user'),(9,'Can delete user',3,'delete_user'),(10,'Can add message',4,'add_message'),(11,'Can change message',4,'change_message'),(12,'Can delete message',4,'delete_message'),(13,'Can add content type',5,'add_contenttype'),(14,'Can change content type',5,'change_contenttype'),(15,'Can delete content type',5,'delete_contenttype'),(16,'Can add session',6,'add_session'),(17,'Can change session',6,'change_session'),(18,'Can delete session',6,'delete_session'),(19,'Can add site',7,'add_site'),(20,'Can change site',7,'change_site'),(21,'Can delete site',7,'delete_site'),(22,'Can add log entry',8,'add_logentry'),(23,'Can change log entry',8,'change_logentry'),(24,'Can delete log entry',8,'delete_logentry'),(25,'Can add code',9,'add_code'),(26,'Can change code',9,'change_code'),(27,'Can delete code',9,'delete_code'),(28,'Can add code info',10,'add_codeinfo'),(29,'Can change code info',10,'change_codeinfo'),(30,'Can delete code info',10,'delete_codeinfo'),(31,'Can add spending type',11,'add_spendingtype'),(32,'Can change spending type',11,'change_spendingtype'),(33,'Can delete spending type',11,'delete_spendingtype'),(34,'Can add spending description',12,'add_spendingdescription'),(35,'Can change spending description',12,'change_spendingdescription'),(36,'Can delete spending description',12,'delete_spendingdescription'),(37,'Can add spending location',13,'add_spendinglocation'),(38,'Can change spending location',13,'change_spendinglocation'),(39,'Can delete spending location',13,'delete_spendinglocation'),(40,'Can add payment type',14,'add_paymenttype'),(41,'Can change payment type',14,'change_paymenttype'),(42,'Can delete payment type',14,'delete_paymenttype'),(43,'Can add spending',15,'add_spending'),(44,'Can change spending',15,'change_spending'),(45,'Can delete spending',15,'delete_spending'),(46,'Can add period type',16,'add_periodtype'),(47,'Can change period type',16,'change_periodtype'),(48,'Can delete period type',16,'delete_periodtype'),(49,'Can add period',17,'add_period'),(50,'Can change period',17,'change_period'),(51,'Can delete period',17,'delete_period');
/*!40000 ALTER TABLE `auth_permission` ENABLE KEYS */;
UNLOCK TABLES;

--
-- Table structure for table `auth_user`
--

DROP TABLE IF EXISTS `auth_user`;
/*!40101 SET @saved_cs_client     = @@character_set_client */;
/*!40101 SET character_set_client = utf8 */;
CREATE TABLE `auth_user` (
  `id` int(11) NOT NULL AUTO_INCREMENT,
  `username` varchar(30) NOT NULL,
  `first_name` varchar(30) NOT NULL,
  `last_name` varchar(30) NOT NULL,
  `email` varchar(75) NOT NULL,
  `password` varchar(128) NOT NULL,
  `is_staff` tinyint(1) NOT NULL,
  `is_active` tinyint(1) NOT NULL,
  `is_superuser` tinyint(1) NOT NULL,
  `last_login` datetime NOT NULL,
  `date_joined` datetime NOT NULL,
  PRIMARY KEY (`id`),
  UNIQUE KEY `username` (`username`)
) ENGINE=MyISAM AUTO_INCREMENT=8 DEFAULT CHARSET=latin1;
/*!40101 SET character_set_client = @saved_cs_client */;

--
-- Dumping data for table `auth_user`
--

LOCK TABLES `auth_user` WRITE;
/*!40000 ALTER TABLE `auth_user` DISABLE KEYS */;
INSERT INTO `auth_user` VALUES (1,'admin','','','bteixeira666@gmail.com','sha1$c92ba$e354677635277227dd3d384f3905154c09dfdc85',1,1,1,'2012-07-04 09:57:53','2012-03-11 22:12:18'),(2,'bteixeira','','','','sha1$31437$4c74b92285488c2251f7c4cacaf80b6268955381',1,1,0,'2012-07-09 23:01:22','2012-03-11 22:39:29'),(3,'jpereira','','','','sha1$635f0$905e56f3a8f70b37ab0fb326a3f933ddd0a1cbdf',0,1,0,'2012-04-07 12:32:01','2012-03-13 11:24:38'),(4,'steixeira','Sofia','Teixeira','','sha1$63ad4$d376c311bfcc8ce48279b0d41d1f4c2f56cfdc8f',0,1,0,'2012-05-06 14:20:13','2012-05-06 14:19:18'),(5,'alex.teixeira','','','','sha1$8ed4b$523009d929479216f13bb8cc7c5131dc89f83d97',0,1,0,'2012-05-24 22:50:56','2012-05-22 16:52:06'),(6,'snitra','','','','sha1$72dca$dc41f8593b4be285a20a1e107777eaf8492dabd2',0,1,0,'2012-06-23 23:43:36','2012-06-23 23:42:43'),(7,'monkey','','','','sha1$b31ef$3d8f19097722bceb62d3f985cad3db00b3be124b',0,1,0,'2012-07-04 09:59:45','2012-07-04 09:58:34');
/*!40000 ALTER TABLE `auth_user` ENABLE KEYS */;
UNLOCK TABLES;

--
-- Table structure for table `auth_user_groups`
--

DROP TABLE IF EXISTS `auth_user_groups`;
/*!40101 SET @saved_cs_client     = @@character_set_client */;
/*!40101 SET character_set_client = utf8 */;
CREATE TABLE `auth_user_groups` (
  `id` int(11) NOT NULL AUTO_INCREMENT,
  `user_id` int(11) NOT NULL,
  `group_id` int(11) NOT NULL,
  PRIMARY KEY (`id`),
  UNIQUE KEY `user_id` (`user_id`,`group_id`),
  KEY `auth_user_groups_403f60f` (`user_id`),
  KEY `auth_user_groups_425ae3c4` (`group_id`)
) ENGINE=MyISAM DEFAULT CHARSET=latin1;
/*!40101 SET character_set_client = @saved_cs_client */;

--
-- Dumping data for table `auth_user_groups`
--

LOCK TABLES `auth_user_groups` WRITE;
/*!40000 ALTER TABLE `auth_user_groups` DISABLE KEYS */;
/*!40000 ALTER TABLE `auth_user_groups` ENABLE KEYS */;
UNLOCK TABLES;

--
-- Table structure for table `auth_user_user_permissions`
--

DROP TABLE IF EXISTS `auth_user_user_permissions`;
/*!40101 SET @saved_cs_client     = @@character_set_client */;
/*!40101 SET character_set_client = utf8 */;
CREATE TABLE `auth_user_user_permissions` (
  `id` int(11) NOT NULL AUTO_INCREMENT,
  `user_id` int(11) NOT NULL,
  `permission_id` int(11) NOT NULL,
  PRIMARY KEY (`id`),
  UNIQUE KEY `user_id` (`user_id`,`permission_id`),
  KEY `auth_user_user_permissions_403f60f` (`user_id`),
  KEY `auth_user_user_permissions_1e014c8f` (`permission_id`)
) ENGINE=MyISAM DEFAULT CHARSET=latin1;
/*!40101 SET character_set_client = @saved_cs_client */;

--
-- Dumping data for table `auth_user_user_permissions`
--

LOCK TABLES `auth_user_user_permissions` WRITE;
/*!40000 ALTER TABLE `auth_user_user_permissions` DISABLE KEYS */;
/*!40000 ALTER TABLE `auth_user_user_permissions` ENABLE KEYS */;
UNLOCK TABLES;

--
-- Table structure for table `django_admin_log`
--

DROP TABLE IF EXISTS `django_admin_log`;
/*!40101 SET @saved_cs_client     = @@character_set_client */;
/*!40101 SET character_set_client = utf8 */;
CREATE TABLE `django_admin_log` (
  `id` int(11) NOT NULL AUTO_INCREMENT,
  `action_time` datetime NOT NULL,
  `user_id` int(11) NOT NULL,
  `content_type_id` int(11) DEFAULT NULL,
  `object_id` longtext,
  `object_repr` varchar(200) NOT NULL,
  `action_flag` smallint(5) unsigned NOT NULL,
  `change_message` longtext NOT NULL,
  PRIMARY KEY (`id`),
  KEY `django_admin_log_403f60f` (`user_id`),
  KEY `django_admin_log_1bb8f392` (`content_type_id`)
) ENGINE=MyISAM AUTO_INCREMENT=24 DEFAULT CHARSET=latin1;
/*!40101 SET character_set_client = @saved_cs_client */;

--
-- Dumping data for table `django_admin_log`
--

LOCK TABLES `django_admin_log` WRITE;
/*!40000 ALTER TABLE `django_admin_log` DISABLE KEYS */;
INSERT INTO `django_admin_log` VALUES (1,'2012-03-11 22:39:29',1,3,'2','bteixeira',1,''),(2,'2012-03-12 14:04:33',1,14,'1','Pagamento:Cash',1,''),(3,'2012-03-12 14:04:55',1,14,'2','Pagamento:Cartao',1,''),(4,'2012-03-12 14:04:59',1,14,'3','Pagamento:Transferencia',1,''),(5,'2012-03-12 14:05:17',1,14,'4','Pagamento:ALaCard',1,''),(6,'2012-03-12 14:30:10',1,15,'6','{SPENT 0.63 @ 2012-03-12 00:00:00 ON <cafe -- cafe do ponto>}',2,'Changed payment.'),(7,'2012-03-12 14:30:17',1,15,'5','{SPENT 9.80 @ 2012-03-12 00:00:00 ON <almoco go natural massa+sumo+sobremesa>}',2,'Changed payment.'),(8,'2012-03-12 14:30:33',1,14,'6','Pagamento:1',3,''),(9,'2012-03-12 14:30:33',1,14,'5','Pagamento:4',3,''),(10,'2012-03-13 11:24:38',1,3,'3','jpereira',1,''),(11,'2012-03-20 21:44:39',1,15,'15','{SPENT 1.10 @ 2012-03-20 00:00:00 ON <refeicao metro 7 rios joana>}',2,'Changed payment.'),(12,'2012-03-20 21:44:46',1,15,'14','{SPENT 0.70 @ 2012-03-20 00:00:00 ON <decaf jardim das amoreiras>}',2,'Changed payment.'),(13,'2012-03-20 21:44:51',1,15,'13','{SPENT 5.20 @ 2012-03-20 00:00:00 ON <almoco jardim das amoreiras>}',2,'Changed payment.'),(14,'2012-03-20 21:44:57',1,15,'12','{SPENT 1.71 @ 2012-03-15 00:00:00 ON <tarte amendoa escritorio>}',2,'Changed payment.'),(15,'2012-03-20 21:45:03',1,15,'11','{SPENT 0.63 @ 2012-03-15 00:00:00 ON <decaf amoreiras>}',2,'Changed payment.'),(16,'2012-03-20 21:45:16',1,15,'10','{SPENT 4.90 @ 2012-03-15 00:00:00 ON <almoco panificadora mecanica + chocolate>}',2,'Changed payment.'),(17,'2012-03-20 21:45:21',1,15,'9','{SPENT 1.25 @ 2012-03-15 00:00:00 ON <pequeno almoco square cafe>}',2,'Changed payment.'),(18,'2012-05-06 14:19:18',1,3,'4','steixeira',1,''),(19,'2012-05-06 14:19:33',1,3,'4','steixeira',2,'Changed first_name and last_name.'),(20,'2012-05-22 16:52:06',1,3,'5','alex.teixeira',1,''),(21,'2012-06-23 23:42:30',1,3,'2','bteixeira',2,'Changed is_staff.'),(22,'2012-06-23 23:42:43',1,3,'6','snitra',1,''),(23,'2012-07-04 09:58:34',1,3,'7','monkey',1,'');
/*!40000 ALTER TABLE `django_admin_log` ENABLE KEYS */;
UNLOCK TABLES;

--
-- Table structure for table `django_content_type`
--

DROP TABLE IF EXISTS `django_content_type`;
/*!40101 SET @saved_cs_client     = @@character_set_client */;
/*!40101 SET character_set_client = utf8 */;
CREATE TABLE `django_content_type` (
  `id` int(11) NOT NULL AUTO_INCREMENT,
  `name` varchar(100) NOT NULL,
  `app_label` varchar(100) NOT NULL,
  `model` varchar(100) NOT NULL,
  PRIMARY KEY (`id`),
  UNIQUE KEY `app_label` (`app_label`,`model`)
) ENGINE=MyISAM AUTO_INCREMENT=18 DEFAULT CHARSET=latin1;
/*!40101 SET character_set_client = @saved_cs_client */;

--
-- Dumping data for table `django_content_type`
--

LOCK TABLES `django_content_type` WRITE;
/*!40000 ALTER TABLE `django_content_type` DISABLE KEYS */;
INSERT INTO `django_content_type` VALUES (1,'permission','auth','permission'),(2,'group','auth','group'),(3,'user','auth','user'),(4,'message','auth','message'),(5,'content type','contenttypes','contenttype'),(6,'session','sessions','session'),(7,'site','sites','site'),(8,'log entry','admin','logentry'),(9,'code','gastosapp','code'),(10,'code info','gastosapp','codeinfo'),(11,'spending type','gastosapp','spendingtype'),(12,'spending description','gastosapp','spendingdescription'),(13,'spending location','gastosapp','spendinglocation'),(14,'payment type','gastosapp','paymenttype'),(15,'spending','gastosapp','spending'),(16,'period type','gastosapp','periodtype'),(17,'period','gastosapp','period');
/*!40000 ALTER TABLE `django_content_type` ENABLE KEYS */;
UNLOCK TABLES;

--
-- Table structure for table `django_session`
--

DROP TABLE IF EXISTS `django_session`;
/*!40101 SET @saved_cs_client     = @@character_set_client */;
/*!40101 SET character_set_client = utf8 */;
CREATE TABLE `django_session` (
  `session_key` varchar(40) NOT NULL,
  `session_data` longtext NOT NULL,
  `expire_date` datetime NOT NULL,
  PRIMARY KEY (`session_key`),
  KEY `django_session_3da3d3d8` (`expire_date`)
) ENGINE=MyISAM DEFAULT CHARSET=latin1;
/*!40101 SET character_set_client = @saved_cs_client */;

--
-- Dumping data for table `django_session`
--

LOCK TABLES `django_session` WRITE;
/*!40000 ALTER TABLE `django_session` DISABLE KEYS */;
INSERT INTO `django_session` VALUES ('a15103896b9766c83e4825979618f03f','MGJlNjY5NGMzN2VjZDVkM2RiNzUzYWVkMjRjNDVhOGEzMTc4OWZlZTqAAn1xAShVEl9hdXRoX3Vz\nZXJfYmFja2VuZHECVSlkamFuZ28uY29udHJpYi5hdXRoLmJhY2tlbmRzLk1vZGVsQmFja2VuZHED\nVQ1fYXV0aF91c2VyX2lkcQSKAQF1Lg==\n','2012-04-03 21:43:41'),('2979b06e4dca3522dba6e32441a8332b','MGJlNjY5NGMzN2VjZDVkM2RiNzUzYWVkMjRjNDVhOGEzMTc4OWZlZTqAAn1xAShVEl9hdXRoX3Vz\nZXJfYmFja2VuZHECVSlkamFuZ28uY29udHJpYi5hdXRoLmJhY2tlbmRzLk1vZGVsQmFja2VuZHED\nVQ1fYXV0aF91c2VyX2lkcQSKAQF1Lg==\n','2012-03-25 22:30:51'),('0877c67ab050bc2e55646cc23c0aeeaa','MmMwN2JkMjU5MzBhMzBhODI5M2IxZTk5NmYxNjYyMzFkNzVlMWY5NTqAAn1xAVUKdGVzdGNvb2tp\nZVUGd29ya2VkcQJzLg==\n','2012-03-27 11:17:11'),('f5a6edb9be12ce36daca1f072a16652f','YjA5N2I5ZmJhNGFlODlkZDM5ZDQzYWU2Y2YyMWQ5ZmFlY2Q1OGU2MTqAAn1xAShVEl9hdXRoX3Vz\nZXJfYmFja2VuZHECVSlkamFuZ28uY29udHJpYi5hdXRoLmJhY2tlbmRzLk1vZGVsQmFja2VuZHED\nVQ1fYXV0aF91c2VyX2lkcQSKAQJ1Lg==\n','2012-03-26 14:05:26'),('fb34876fe606001357ab1592e9c33466','MjNhZTI5YjE4NzE4MWFlYzFiODk0Mzc0OTg5NjhmYzI0YzU4M2VmNTqAAn1xAVUKdGVzdGNvb2tp\nZXECVQZ3b3JrZWRxA3Mu\n','2012-04-11 05:15:40'),('e386b04a2286b03aa7355685063994a7','YjA5N2I5ZmJhNGFlODlkZDM5ZDQzYWU2Y2YyMWQ5ZmFlY2Q1OGU2MTqAAn1xAShVEl9hdXRoX3Vz\nZXJfYmFja2VuZHECVSlkamFuZ28uY29udHJpYi5hdXRoLmJhY2tlbmRzLk1vZGVsQmFja2VuZHED\nVQ1fYXV0aF91c2VyX2lkcQSKAQJ1Lg==\n','2012-03-27 13:44:13'),('75cf7c0bc74beec5c942cf185802f01c','YjA5N2I5ZmJhNGFlODlkZDM5ZDQzYWU2Y2YyMWQ5ZmFlY2Q1OGU2MTqAAn1xAShVEl9hdXRoX3Vz\nZXJfYmFja2VuZHECVSlkamFuZ28uY29udHJpYi5hdXRoLmJhY2tlbmRzLk1vZGVsQmFja2VuZHED\nVQ1fYXV0aF91c2VyX2lkcQSKAQJ1Lg==\n','2012-04-05 22:37:42'),('98fb85ef41e85034bc702816c8d097ec','YjA5N2I5ZmJhNGFlODlkZDM5ZDQzYWU2Y2YyMWQ5ZmFlY2Q1OGU2MTqAAn1xAShVEl9hdXRoX3Vz\nZXJfYmFja2VuZHECVSlkamFuZ28uY29udHJpYi5hdXRoLmJhY2tlbmRzLk1vZGVsQmFja2VuZHED\nVQ1fYXV0aF91c2VyX2lkcQSKAQJ1Lg==\n','2012-04-05 23:30:59'),('e0ce787c32614729b37bae3253f1390b','MGJlNjY5NGMzN2VjZDVkM2RiNzUzYWVkMjRjNDVhOGEzMTc4OWZlZTqAAn1xAShVEl9hdXRoX3Vz\nZXJfYmFja2VuZHECVSlkamFuZ28uY29udHJpYi5hdXRoLmJhY2tlbmRzLk1vZGVsQmFja2VuZHED\nVQ1fYXV0aF91c2VyX2lkcQSKAQF1Lg==\n','2012-04-19 10:29:28'),('2eef82b65234a960710bfc89c990d5e0','YjA5N2I5ZmJhNGFlODlkZDM5ZDQzYWU2Y2YyMWQ5ZmFlY2Q1OGU2MTqAAn1xAShVEl9hdXRoX3Vz\nZXJfYmFja2VuZHECVSlkamFuZ28uY29udHJpYi5hdXRoLmJhY2tlbmRzLk1vZGVsQmFja2VuZHED\nVQ1fYXV0aF91c2VyX2lkcQSKAQJ1Lg==\n','2012-04-17 23:53:39'),('bbc11c24ebb0f88209e767d19bb27b31','YjA5N2I5ZmJhNGFlODlkZDM5ZDQzYWU2Y2YyMWQ5ZmFlY2Q1OGU2MTqAAn1xAShVEl9hdXRoX3Vz\nZXJfYmFja2VuZHECVSlkamFuZ28uY29udHJpYi5hdXRoLmJhY2tlbmRzLk1vZGVsQmFja2VuZHED\nVQ1fYXV0aF91c2VyX2lkcQSKAQJ1Lg==\n','2012-04-13 00:02:19'),('42f179fdbf3d12806b173f17b164c8d8','MjNhZTI5YjE4NzE4MWFlYzFiODk0Mzc0OTg5NjhmYzI0YzU4M2VmNTqAAn1xAVUKdGVzdGNvb2tp\nZXECVQZ3b3JrZWRxA3Mu\n','2012-05-16 23:38:45'),('5c7b6042e1c8cf33b992b76431242957','YjA5N2I5ZmJhNGFlODlkZDM5ZDQzYWU2Y2YyMWQ5ZmFlY2Q1OGU2MTqAAn1xAShVEl9hdXRoX3Vz\nZXJfYmFja2VuZHECVSlkamFuZ28uY29udHJpYi5hdXRoLmJhY2tlbmRzLk1vZGVsQmFja2VuZHED\nVQ1fYXV0aF91c2VyX2lkcQSKAQJ1Lg==\n','2012-04-19 15:30:56'),('44fe111b9dbd0e0fc5fca762b7a12bf9','MjNhZTI5YjE4NzE4MWFlYzFiODk0Mzc0OTg5NjhmYzI0YzU4M2VmNTqAAn1xAVUKdGVzdGNvb2tp\nZXECVQZ3b3JrZWRxA3Mu\n','2012-04-15 14:59:19'),('f47f777d3961638a4d9f616557fba4b5','OTk2ZmQxYjEzNmU3Mjc4N2UzNjY4MDMzODk3NTUwM2JjZDNiZWNjNjqAAn1xAShVEl9hdXRoX3Vz\nZXJfYmFja2VuZHECVSlkamFuZ28uY29udHJpYi5hdXRoLmJhY2tlbmRzLk1vZGVsQmFja2VuZHED\nVQ1fYXV0aF91c2VyX2lkcQSKAQN1Lg==\n','2012-04-21 12:32:01'),('5cac3a08eefe9b6fc275fe54ff21ed2c','YjA5N2I5ZmJhNGFlODlkZDM5ZDQzYWU2Y2YyMWQ5ZmFlY2Q1OGU2MTqAAn1xAShVEl9hdXRoX3Vz\nZXJfYmFja2VuZHECVSlkamFuZ28uY29udHJpYi5hdXRoLmJhY2tlbmRzLk1vZGVsQmFja2VuZHED\nVQ1fYXV0aF91c2VyX2lkcQSKAQJ1Lg==\n','2012-04-24 21:02:18'),('86bf95a05dcf106f089e34149fc026c5','YjA5N2I5ZmJhNGFlODlkZDM5ZDQzYWU2Y2YyMWQ5ZmFlY2Q1OGU2MTqAAn1xAShVEl9hdXRoX3Vz\nZXJfYmFja2VuZHECVSlkamFuZ28uY29udHJpYi5hdXRoLmJhY2tlbmRzLk1vZGVsQmFja2VuZHED\nVQ1fYXV0aF91c2VyX2lkcQSKAQJ1Lg==\n','2012-04-30 20:52:09'),('9f3203f75ce59608538fef77ae2c7b1f','MGJlNjY5NGMzN2VjZDVkM2RiNzUzYWVkMjRjNDVhOGEzMTc4OWZlZTqAAn1xAShVEl9hdXRoX3Vz\nZXJfYmFja2VuZHECVSlkamFuZ28uY29udHJpYi5hdXRoLmJhY2tlbmRzLk1vZGVsQmFja2VuZHED\nVQ1fYXV0aF91c2VyX2lkcQSKAQF1Lg==\n','2012-05-13 16:47:38'),('14b1ff2e80f6f52731631621c88005a5','MjNhZTI5YjE4NzE4MWFlYzFiODk0Mzc0OTg5NjhmYzI0YzU4M2VmNTqAAn1xAVUKdGVzdGNvb2tp\nZXECVQZ3b3JrZWRxA3Mu\n','2012-05-16 23:45:37'),('9745944460730fa5d23158c4d6d21f0e','MjNhZTI5YjE4NzE4MWFlYzFiODk0Mzc0OTg5NjhmYzI0YzU4M2VmNTqAAn1xAVUKdGVzdGNvb2tp\nZXECVQZ3b3JrZWRxA3Mu\n','2012-05-20 14:17:50'),('571d96af58d4a3fe89383fd62c0457b7','YjA5N2I5ZmJhNGFlODlkZDM5ZDQzYWU2Y2YyMWQ5ZmFlY2Q1OGU2MTqAAn1xAShVEl9hdXRoX3Vz\nZXJfYmFja2VuZHECVSlkamFuZ28uY29udHJpYi5hdXRoLmJhY2tlbmRzLk1vZGVsQmFja2VuZHED\nVQ1fYXV0aF91c2VyX2lkcQSKAQJ1Lg==\n','2012-05-17 10:09:49'),('88d449074c0c2408b4435669a01dcdad','YjA5N2I5ZmJhNGFlODlkZDM5ZDQzYWU2Y2YyMWQ5ZmFlY2Q1OGU2MTqAAn1xAShVEl9hdXRoX3Vz\nZXJfYmFja2VuZHECVSlkamFuZ28uY29udHJpYi5hdXRoLmJhY2tlbmRzLk1vZGVsQmFja2VuZHED\nVQ1fYXV0aF91c2VyX2lkcQSKAQJ1Lg==\n','2012-05-19 21:14:32'),('8a2f22481dcc3b6480fc81dcf3d258c6','MjNhZTI5YjE4NzE4MWFlYzFiODk0Mzc0OTg5NjhmYzI0YzU4M2VmNTqAAn1xAVUKdGVzdGNvb2tp\nZXECVQZ3b3JrZWRxA3Mu\n','2012-06-05 16:55:54'),('da1a62105b3a9099aec9d903d33511e7','YjA5N2I5ZmJhNGFlODlkZDM5ZDQzYWU2Y2YyMWQ5ZmFlY2Q1OGU2MTqAAn1xAShVEl9hdXRoX3Vz\nZXJfYmFja2VuZHECVSlkamFuZ28uY29udHJpYi5hdXRoLmJhY2tlbmRzLk1vZGVsQmFja2VuZHED\nVQ1fYXV0aF91c2VyX2lkcQSKAQJ1Lg==\n','2012-05-20 14:22:15'),('e2abe9d0f2fb838c5633a17389dc3d3a','MGJlNjY5NGMzN2VjZDVkM2RiNzUzYWVkMjRjNDVhOGEzMTc4OWZlZTqAAn1xAShVEl9hdXRoX3Vz\nZXJfYmFja2VuZHECVSlkamFuZ28uY29udHJpYi5hdXRoLmJhY2tlbmRzLk1vZGVsQmFja2VuZHED\nVQ1fYXV0aF91c2VyX2lkcQSKAQF1Lg==\n','2012-05-20 14:25:31'),('3ba9e8e80853d86aed252f36c1eeab19','YjA5N2I5ZmJhNGFlODlkZDM5ZDQzYWU2Y2YyMWQ5ZmFlY2Q1OGU2MTqAAn1xAShVEl9hdXRoX3Vz\nZXJfYmFja2VuZHECVSlkamFuZ28uY29udHJpYi5hdXRoLmJhY2tlbmRzLk1vZGVsQmFja2VuZHED\nVQ1fYXV0aF91c2VyX2lkcQSKAQJ1Lg==\n','2012-05-21 16:33:05'),('649fa65aaf6d06b8e5b3b0f45e0b6ecc','YjA5N2I5ZmJhNGFlODlkZDM5ZDQzYWU2Y2YyMWQ5ZmFlY2Q1OGU2MTqAAn1xAShVEl9hdXRoX3Vz\nZXJfYmFja2VuZHECVSlkamFuZ28uY29udHJpYi5hdXRoLmJhY2tlbmRzLk1vZGVsQmFja2VuZHED\nVQ1fYXV0aF91c2VyX2lkcQSKAQJ1Lg==\n','2012-05-21 21:56:25'),('f4431c12c53f684ad68892a5484f0d7d','YjA5N2I5ZmJhNGFlODlkZDM5ZDQzYWU2Y2YyMWQ5ZmFlY2Q1OGU2MTqAAn1xAShVEl9hdXRoX3Vz\nZXJfYmFja2VuZHECVSlkamFuZ28uY29udHJpYi5hdXRoLmJhY2tlbmRzLk1vZGVsQmFja2VuZHED\nVQ1fYXV0aF91c2VyX2lkcQSKAQJ1Lg==\n','2012-06-03 23:34:58'),('4b802605a4fd4aa62b6951b34f84ddbe','YjA5N2I5ZmJhNGFlODlkZDM5ZDQzYWU2Y2YyMWQ5ZmFlY2Q1OGU2MTqAAn1xAShVEl9hdXRoX3Vz\nZXJfYmFja2VuZHECVSlkamFuZ28uY29udHJpYi5hdXRoLmJhY2tlbmRzLk1vZGVsQmFja2VuZHED\nVQ1fYXV0aF91c2VyX2lkcQSKAQJ1Lg==\n','2012-06-09 16:10:57'),('a18b571bc8f95d72c9ca772926dda611','MjNhZTI5YjE4NzE4MWFlYzFiODk0Mzc0OTg5NjhmYzI0YzU4M2VmNTqAAn1xAVUKdGVzdGNvb2tp\nZXECVQZ3b3JrZWRxA3Mu\n','2012-06-12 06:54:19'),('4eaec72985e49996458924f981c31601','YjA5N2I5ZmJhNGFlODlkZDM5ZDQzYWU2Y2YyMWQ5ZmFlY2Q1OGU2MTqAAn1xAShVEl9hdXRoX3Vz\nZXJfYmFja2VuZHECVSlkamFuZ28uY29udHJpYi5hdXRoLmJhY2tlbmRzLk1vZGVsQmFja2VuZHED\nVQ1fYXV0aF91c2VyX2lkcQSKAQJ1Lg==\n','2012-06-07 22:54:23'),('23b11a84e2407a1a7a6a78f6102b6d91','YjA5N2I5ZmJhNGFlODlkZDM5ZDQzYWU2Y2YyMWQ5ZmFlY2Q1OGU2MTqAAn1xAShVEl9hdXRoX3Vz\nZXJfYmFja2VuZHECVSlkamFuZ28uY29udHJpYi5hdXRoLmJhY2tlbmRzLk1vZGVsQmFja2VuZHED\nVQ1fYXV0aF91c2VyX2lkcQSKAQJ1Lg==\n','2012-06-06 11:33:26'),('1e8ab51d48b2e0772113efe1f729ce6c','YjA5N2I5ZmJhNGFlODlkZDM5ZDQzYWU2Y2YyMWQ5ZmFlY2Q1OGU2MTqAAn1xAShVEl9hdXRoX3Vz\nZXJfYmFja2VuZHECVSlkamFuZ28uY29udHJpYi5hdXRoLmJhY2tlbmRzLk1vZGVsQmFja2VuZHED\nVQ1fYXV0aF91c2VyX2lkcQSKAQJ1Lg==\n','2012-06-09 21:59:56'),('02938c7254ede4e1be9fe851f28a85fc','MjNhZTI5YjE4NzE4MWFlYzFiODk0Mzc0OTg5NjhmYzI0YzU4M2VmNTqAAn1xAVUKdGVzdGNvb2tp\nZXECVQZ3b3JrZWRxA3Mu\n','2012-06-21 16:43:17'),('9b1ed282db743d6b3206f0eb2bc25cf1','YjA5N2I5ZmJhNGFlODlkZDM5ZDQzYWU2Y2YyMWQ5ZmFlY2Q1OGU2MTqAAn1xAShVEl9hdXRoX3Vz\nZXJfYmFja2VuZHECVSlkamFuZ28uY29udHJpYi5hdXRoLmJhY2tlbmRzLk1vZGVsQmFja2VuZHED\nVQ1fYXV0aF91c2VyX2lkcQSKAQJ1Lg==\n','2012-06-18 15:39:59'),('2c7e9546fb67f10e2c33eb451e870c9c','YjA5N2I5ZmJhNGFlODlkZDM5ZDQzYWU2Y2YyMWQ5ZmFlY2Q1OGU2MTqAAn1xAShVEl9hdXRoX3Vz\nZXJfYmFja2VuZHECVSlkamFuZ28uY29udHJpYi5hdXRoLmJhY2tlbmRzLk1vZGVsQmFja2VuZHED\nVQ1fYXV0aF91c2VyX2lkcQSKAQJ1Lg==\n','2012-06-19 10:42:24'),('98ed51df3fd71f7e42b68e8f82c507d0','YjA5N2I5ZmJhNGFlODlkZDM5ZDQzYWU2Y2YyMWQ5ZmFlY2Q1OGU2MTqAAn1xAShVEl9hdXRoX3Vz\nZXJfYmFja2VuZHECVSlkamFuZ28uY29udHJpYi5hdXRoLmJhY2tlbmRzLk1vZGVsQmFja2VuZHED\nVQ1fYXV0aF91c2VyX2lkcQSKAQJ1Lg==\n','2012-06-20 13:28:21'),('4022132a488d432f2df12b4954c21842','MjNhZTI5YjE4NzE4MWFlYzFiODk0Mzc0OTg5NjhmYzI0YzU4M2VmNTqAAn1xAVUKdGVzdGNvb2tp\nZXECVQZ3b3JrZWRxA3Mu\n','2012-06-23 05:35:21'),('d2b91b3b4aff10f7362885dd6f019d8b','MjNhZTI5YjE4NzE4MWFlYzFiODk0Mzc0OTg5NjhmYzI0YzU4M2VmNTqAAn1xAVUKdGVzdGNvb2tp\nZXECVQZ3b3JrZWRxA3Mu\n','2012-06-28 15:33:32'),('f8306d0326b20bb64324fbb1cca57646','YjA5N2I5ZmJhNGFlODlkZDM5ZDQzYWU2Y2YyMWQ5ZmFlY2Q1OGU2MTqAAn1xAShVEl9hdXRoX3Vz\nZXJfYmFja2VuZHECVSlkamFuZ28uY29udHJpYi5hdXRoLmJhY2tlbmRzLk1vZGVsQmFja2VuZHED\nVQ1fYXV0aF91c2VyX2lkcQSKAQJ1Lg==\n','2012-06-23 12:53:18'),('bfbbeb875173c243a0ecb110525f2cfd','YjA5N2I5ZmJhNGFlODlkZDM5ZDQzYWU2Y2YyMWQ5ZmFlY2Q1OGU2MTqAAn1xAShVEl9hdXRoX3Vz\nZXJfYmFja2VuZHECVSlkamFuZ28uY29udHJpYi5hdXRoLmJhY2tlbmRzLk1vZGVsQmFja2VuZHED\nVQ1fYXV0aF91c2VyX2lkcQSKAQJ1Lg==\n','2012-07-18 14:16:55'),('0ebc23929fc9f409a5f9c31f33595149','MjMxYzg4ZGIyMjY0ZDQ0YTIzZmNiYjA0N2YzMDBhZWZlMDM2MmQxZDqAAn1xAShVEl9hdXRoX3Vz\nZXJfYmFja2VuZHECVSlkamFuZ28uY29udHJpYi5hdXRoLmJhY2tlbmRzLk1vZGVsQmFja2VuZHED\nVQ1fYXV0aF91c2VyX2lkcQSKAQd1Lg==\n','2012-07-18 09:59:45'),('8004e59518bf6b814e4023472c843677','YjA5N2I5ZmJhNGFlODlkZDM5ZDQzYWU2Y2YyMWQ5ZmFlY2Q1OGU2MTqAAn1xAShVEl9hdXRoX3Vz\nZXJfYmFja2VuZHECVSlkamFuZ28uY29udHJpYi5hdXRoLmJhY2tlbmRzLk1vZGVsQmFja2VuZHED\nVQ1fYXV0aF91c2VyX2lkcQSKAQJ1Lg==\n','2012-06-28 11:42:37'),('ef80452564113ac514228ab21d034bce','MjNhZTI5YjE4NzE4MWFlYzFiODk0Mzc0OTg5NjhmYzI0YzU4M2VmNTqAAn1xAVUKdGVzdGNvb2tp\nZXECVQZ3b3JrZWRxA3Mu\n','2012-07-05 13:04:52'),('c2ad5aa0c22e9d6777cfad2b810a7038','YjA5N2I5ZmJhNGFlODlkZDM5ZDQzYWU2Y2YyMWQ5ZmFlY2Q1OGU2MTqAAn1xAShVEl9hdXRoX3Vz\nZXJfYmFja2VuZHECVSlkamFuZ28uY29udHJpYi5hdXRoLmJhY2tlbmRzLk1vZGVsQmFja2VuZHED\nVQ1fYXV0aF91c2VyX2lkcQSKAQJ1Lg==\n','2012-07-14 17:59:09'),('c3614c0064d90ffc0379b3ccfa8717e0','ZDk0MjJmMjFkNGExNDk1YjYzM2RlYjBkMzQ5MzUzNTE2NzI1ZDM2YzqAAn1xAShVEl9hdXRoX3Vz\nZXJfYmFja2VuZHECVSlkamFuZ28uY29udHJpYi5hdXRoLmJhY2tlbmRzLk1vZGVsQmFja2VuZHED\nVQ1fYXV0aF91c2VyX2lkcQSKAQZ1Lg==\n','2012-07-07 23:43:36'),('8d9ae106546e9441fe4c4cf2c36b52c2','MjNhZTI5YjE4NzE4MWFlYzFiODk0Mzc0OTg5NjhmYzI0YzU4M2VmNTqAAn1xAVUKdGVzdGNvb2tp\nZXECVQZ3b3JrZWRxA3Mu\n','2012-07-20 18:41:28'),('f3c9823811a120e4011771728be24b62','YjA5N2I5ZmJhNGFlODlkZDM5ZDQzYWU2Y2YyMWQ5ZmFlY2Q1OGU2MTqAAn1xAShVEl9hdXRoX3Vz\nZXJfYmFja2VuZHECVSlkamFuZ28uY29udHJpYi5hdXRoLmJhY2tlbmRzLk1vZGVsQmFja2VuZHED\nVQ1fYXV0aF91c2VyX2lkcQSKAQJ1Lg==\n','2012-07-16 23:46:24'),('212e0ef9155ece4cbf8c8bfa5bd357ac','YjA5N2I5ZmJhNGFlODlkZDM5ZDQzYWU2Y2YyMWQ5ZmFlY2Q1OGU2MTqAAn1xAShVEl9hdXRoX3Vz\nZXJfYmFja2VuZHECVSlkamFuZ28uY29udHJpYi5hdXRoLmJhY2tlbmRzLk1vZGVsQmFja2VuZHED\nVQ1fYXV0aF91c2VyX2lkcQSKAQJ1Lg==\n','2012-07-21 19:49:32'),('6119bc6f22204f85e29fcade29c3d1c7','YjA5N2I5ZmJhNGFlODlkZDM5ZDQzYWU2Y2YyMWQ5ZmFlY2Q1OGU2MTqAAn1xAShVEl9hdXRoX3Vz\nZXJfYmFja2VuZHECVSlkamFuZ28uY29udHJpYi5hdXRoLmJhY2tlbmRzLk1vZGVsQmFja2VuZHED\nVQ1fYXV0aF91c2VyX2lkcQSKAQJ1Lg==\n','2012-07-23 23:01:22');
/*!40000 ALTER TABLE `django_session` ENABLE KEYS */;
UNLOCK TABLES;

--
-- Table structure for table `django_site`
--

DROP TABLE IF EXISTS `django_site`;
/*!40101 SET @saved_cs_client     = @@character_set_client */;
/*!40101 SET character_set_client = utf8 */;
CREATE TABLE `django_site` (
  `id` int(11) NOT NULL AUTO_INCREMENT,
  `domain` varchar(100) NOT NULL,
  `name` varchar(50) NOT NULL,
  PRIMARY KEY (`id`)
) ENGINE=MyISAM AUTO_INCREMENT=2 DEFAULT CHARSET=latin1;
/*!40101 SET character_set_client = @saved_cs_client */;

--
-- Dumping data for table `django_site`
--

LOCK TABLES `django_site` WRITE;
/*!40000 ALTER TABLE `django_site` DISABLE KEYS */;
INSERT INTO `django_site` VALUES (1,'example.com','example.com');
/*!40000 ALTER TABLE `django_site` ENABLE KEYS */;
UNLOCK TABLES;

--
-- Table structure for table `gastosapp_code`
--

DROP TABLE IF EXISTS `gastosapp_code`;
/*!40101 SET @saved_cs_client     = @@character_set_client */;
/*!40101 SET character_set_client = utf8 */;
CREATE TABLE `gastosapp_code` (
  `id` int(11) NOT NULL AUTO_INCREMENT,
  `code` varchar(32) NOT NULL,
  `metainfo` longtext NOT NULL,
  PRIMARY KEY (`id`)
) ENGINE=MyISAM DEFAULT CHARSET=latin1;
/*!40101 SET character_set_client = @saved_cs_client */;

--
-- Dumping data for table `gastosapp_code`
--

LOCK TABLES `gastosapp_code` WRITE;
/*!40000 ALTER TABLE `gastosapp_code` DISABLE KEYS */;
/*!40000 ALTER TABLE `gastosapp_code` ENABLE KEYS */;
UNLOCK TABLES;

--
-- Table structure for table `gastosapp_codeinfo`
--

DROP TABLE IF EXISTS `gastosapp_codeinfo`;
/*!40101 SET @saved_cs_client     = @@character_set_client */;
/*!40101 SET character_set_client = utf8 */;
CREATE TABLE `gastosapp_codeinfo` (
  `id` int(11) NOT NULL AUTO_INCREMENT,
  `code_id` int(11) NOT NULL,
  `key` varchar(32) NOT NULL,
  `value` varchar(256) NOT NULL,
  PRIMARY KEY (`id`),
  KEY `gastosapp_codeinfo_476c40cb` (`code_id`)
) ENGINE=MyISAM DEFAULT CHARSET=latin1;
/*!40101 SET character_set_client = @saved_cs_client */;

--
-- Dumping data for table `gastosapp_codeinfo`
--

LOCK TABLES `gastosapp_codeinfo` WRITE;
/*!40000 ALTER TABLE `gastosapp_codeinfo` DISABLE KEYS */;
/*!40000 ALTER TABLE `gastosapp_codeinfo` ENABLE KEYS */;
UNLOCK TABLES;

--
-- Table structure for table `gastosapp_paymenttype`
--

DROP TABLE IF EXISTS `gastosapp_paymenttype`;
/*!40101 SET @saved_cs_client     = @@character_set_client */;
/*!40101 SET character_set_client = utf8 */;
CREATE TABLE `gastosapp_paymenttype` (
  `id` int(11) NOT NULL AUTO_INCREMENT,
  `name` varchar(30) NOT NULL,
  PRIMARY KEY (`id`)
) ENGINE=MyISAM AUTO_INCREMENT=9 DEFAULT CHARSET=latin1;
/*!40101 SET character_set_client = @saved_cs_client */;

--
-- Dumping data for table `gastosapp_paymenttype`
--

LOCK TABLES `gastosapp_paymenttype` WRITE;
/*!40000 ALTER TABLE `gastosapp_paymenttype` DISABLE KEYS */;
INSERT INTO `gastosapp_paymenttype` VALUES (1,'Cash'),(2,'Cartao'),(3,'Transferencia'),(4,'ALaCard');
/*!40000 ALTER TABLE `gastosapp_paymenttype` ENABLE KEYS */;
UNLOCK TABLES;

--
-- Table structure for table `gastosapp_period`
--

DROP TABLE IF EXISTS `gastosapp_period`;
/*!40101 SET @saved_cs_client     = @@character_set_client */;
/*!40101 SET character_set_client = utf8 */;
CREATE TABLE `gastosapp_period` (
  `id` int(11) NOT NULL AUTO_INCREMENT,
  `name` varchar(30) NOT NULL,
  `start` date NOT NULL,
  `end` date NOT NULL,
  `type_id` int(11) NOT NULL,
  PRIMARY KEY (`id`),
  KEY `gastosapp_period_777d41c8` (`type_id`)
) ENGINE=MyISAM DEFAULT CHARSET=latin1;
/*!40101 SET character_set_client = @saved_cs_client */;

--
-- Dumping data for table `gastosapp_period`
--

LOCK TABLES `gastosapp_period` WRITE;
/*!40000 ALTER TABLE `gastosapp_period` DISABLE KEYS */;
/*!40000 ALTER TABLE `gastosapp_period` ENABLE KEYS */;
UNLOCK TABLES;

--
-- Table structure for table `gastosapp_periodtype`
--

DROP TABLE IF EXISTS `gastosapp_periodtype`;
/*!40101 SET @saved_cs_client     = @@character_set_client */;
/*!40101 SET character_set_client = utf8 */;
CREATE TABLE `gastosapp_periodtype` (
  `id` int(11) NOT NULL AUTO_INCREMENT,
  `name` varchar(30) NOT NULL,
  `color` varchar(6) NOT NULL,
  PRIMARY KEY (`id`)
) ENGINE=MyISAM DEFAULT CHARSET=latin1;
/*!40101 SET character_set_client = @saved_cs_client */;

--
-- Dumping data for table `gastosapp_periodtype`
--

LOCK TABLES `gastosapp_periodtype` WRITE;
/*!40000 ALTER TABLE `gastosapp_periodtype` DISABLE KEYS */;
/*!40000 ALTER TABLE `gastosapp_periodtype` ENABLE KEYS */;
UNLOCK TABLES;

--
-- Table structure for table `gastosapp_spending`
--

DROP TABLE IF EXISTS `gastosapp_spending`;
/*!40101 SET @saved_cs_client     = @@character_set_client */;
/*!40101 SET character_set_client = utf8 */;
CREATE TABLE `gastosapp_spending` (
  `id` int(11) NOT NULL AUTO_INCREMENT,
  `value` decimal(10,2) DEFAULT NULL,
  `description_id` int(11) DEFAULT NULL,
  `location_id` int(11) DEFAULT NULL,
  `details` varchar(200) DEFAULT NULL,
  `amount` varchar(200) DEFAULT NULL,
  `date` datetime DEFAULT NULL,
  `type_id` int(11) DEFAULT NULL,
  `payment_id` int(11) DEFAULT NULL,
  `user_id` int(11) NOT NULL,
  PRIMARY KEY (`id`),
  KEY `gastosapp_spending_6fd36975` (`description_id`),
  KEY `gastosapp_spending_319d859` (`location_id`),
  KEY `gastosapp_spending_777d41c8` (`type_id`),
  KEY `gastosapp_spending_7bd3acc3` (`payment_id`),
  KEY `gastosapp_spending_403f60f` (`user_id`)
) ENGINE=MyISAM AUTO_INCREMENT=1956 DEFAULT CHARSET=latin1;
/*!40101 SET character_set_client = @saved_cs_client */;

--
-- Dumping data for table `gastosapp_spending`
--

LOCK TABLES `gastosapp_spending` WRITE;
/*!40000 ALTER TABLE `gastosapp_spending` DISABLE KEYS */;
INSERT INTO `gastosapp_spending` VALUES (1,'7.93',3,NULL,NULL,NULL,'2012-03-11 00:00:00',1,2,2),(2,'0.00',4,NULL,NULL,NULL,'2012-03-11 00:00:00',NULL,3,2),(3,'32.78',5,NULL,NULL,NULL,'2012-03-11 00:00:00',3,3,2),(4,'1.98',6,NULL,NULL,NULL,'2012-03-11 00:00:00',4,2,2),(5,'9.80',7,NULL,'','','2012-03-12 00:00:00',5,4,2),(6,'0.63',8,NULL,'','','2012-03-12 00:00:00',5,1,2),(7,'6.45',9,NULL,NULL,NULL,'2012-03-13 00:00:00',5,1,2),(8,'0.90',10,NULL,NULL,NULL,'2012-03-13 00:00:00',5,1,2),(9,'2.25',11,NULL,'','','2012-03-15 00:00:00',5,1,2),(10,'4.90',12,NULL,'','','2012-03-15 00:00:00',5,2,2),(11,'0.63',13,NULL,'','','2012-03-15 00:00:00',5,1,2),(12,'1.71',14,NULL,'','','2012-03-15 00:00:00',5,1,2),(13,'5.20',15,NULL,'','','2012-03-20 00:00:00',5,1,2),(14,'0.70',16,NULL,'','','2012-03-20 00:00:00',5,1,2),(15,'1.10',17,NULL,'','','2012-03-20 00:00:00',19,1,2),(17,'9.00',19,NULL,NULL,NULL,'2012-03-21 00:00:00',5,4,2),(18,'2.50',20,NULL,NULL,NULL,'2012-03-22 00:00:00',5,1,2),(19,'2.59',912,NULL,NULL,NULL,'2012-03-21 00:00:00',19,2,2),(20,'3.90',22,NULL,NULL,NULL,'2012-03-19 00:00:00',5,2,2),(21,'3.28',913,NULL,NULL,NULL,'2012-03-19 00:00:00',3,2,2),(22,'4.33',24,NULL,NULL,NULL,'2012-03-19 00:00:00',5,2,2),(23,'1.00',25,NULL,NULL,NULL,'2012-03-19 00:00:00',7,1,2),(24,'10.00',26,NULL,NULL,NULL,'2012-03-22 00:00:00',5,4,2),(25,'7.10',27,NULL,NULL,NULL,'2012-03-22 00:00:00',19,4,2),(26,'3.50',28,NULL,NULL,NULL,'2010-11-15 00:00:00',8,NULL,2),(27,'5.29',29,NULL,NULL,NULL,'2010-11-15 00:00:00',8,NULL,2),(28,'1.40',30,NULL,NULL,NULL,'2010-11-15 00:00:00',5,NULL,2),(29,'0.65',31,NULL,NULL,NULL,'2010-11-15 00:00:00',5,NULL,2),(30,'6.95',32,NULL,NULL,NULL,'2010-11-15 00:00:00',5,NULL,2),(31,'1.00',33,NULL,NULL,NULL,'2010-11-15 00:00:00',7,NULL,2),(32,'10.00',34,NULL,NULL,NULL,'2010-11-14 00:00:00',7,NULL,2),(33,'1.25',35,NULL,NULL,NULL,'2010-11-14 00:00:00',7,NULL,2),(34,'3.00',36,NULL,NULL,NULL,'2010-11-13 00:00:00',9,NULL,2),(35,'9.50',37,NULL,NULL,NULL,'2010-11-13 00:00:00',9,NULL,2),(36,'10.00',38,NULL,NULL,NULL,'2010-11-13 00:00:00',7,NULL,2),(37,'20.00',39,NULL,NULL,NULL,'2010-11-12 00:00:00',9,NULL,2),(38,'20.50',40,NULL,NULL,NULL,'2010-11-12 00:00:00',9,NULL,2),(39,'0.85',41,NULL,NULL,NULL,'2010-11-12 00:00:00',5,NULL,2),(40,'9.00',19,NULL,NULL,NULL,'2010-11-12 00:00:00',5,NULL,2),(41,'0.60',42,NULL,NULL,NULL,'2010-11-12 00:00:00',5,NULL,2),(42,'0.65',31,NULL,NULL,NULL,'2010-11-11 00:00:00',5,NULL,2),(43,'5.95',43,NULL,NULL,NULL,'2010-11-11 00:00:00',5,NULL,2),(44,'1.00',44,NULL,NULL,NULL,'2010-11-11 00:00:00',7,NULL,2),(45,'0.60',42,NULL,NULL,NULL,'2010-11-11 00:00:00',5,NULL,2),(46,'0.65',45,NULL,NULL,NULL,'2010-11-10 00:00:00',5,NULL,2),(47,'8.50',46,NULL,NULL,NULL,'2010-11-10 00:00:00',5,NULL,2),(48,'2.57',47,NULL,NULL,NULL,'2010-11-09 00:00:00',5,NULL,2),(49,'1.00',48,NULL,NULL,NULL,'2010-11-09 00:00:00',5,NULL,2),(50,'6.50',49,NULL,NULL,NULL,'2010-11-09 00:00:00',5,NULL,2),(51,'0.60',50,NULL,NULL,NULL,'2010-11-09 00:00:00',5,NULL,2),(52,'4.85',51,NULL,NULL,NULL,'2010-11-08 00:00:00',3,NULL,2),(53,'1.30',30,NULL,NULL,NULL,'2010-11-08 00:00:00',5,NULL,2),(54,'0.65',52,NULL,NULL,NULL,'2010-11-08 00:00:00',5,NULL,2),(55,'8.50',53,NULL,NULL,NULL,'2010-11-08 00:00:00',5,NULL,2),(56,'0.60',54,NULL,NULL,NULL,'2010-11-07 00:00:00',8,NULL,2),(57,'4.00',55,NULL,NULL,NULL,'2010-11-06 00:00:00',8,NULL,2),(58,'10.65',56,NULL,NULL,NULL,'2010-11-06 00:00:00',9,NULL,2),(59,'12.00',57,NULL,NULL,NULL,'2010-11-06 00:00:00',8,NULL,2),(60,'1.30',30,NULL,NULL,NULL,'2010-11-05 00:00:00',5,NULL,2),(61,'1.00',48,NULL,NULL,NULL,'2010-11-05 00:00:00',5,NULL,2),(62,'6.45',58,NULL,NULL,NULL,'2010-11-05 00:00:00',5,NULL,2),(63,'60.35',59,NULL,NULL,NULL,'2010-11-05 00:00:00',10,NULL,2),(64,'0.65',60,NULL,NULL,NULL,'2010-11-04 00:00:00',5,NULL,2),(65,'8.50',46,NULL,NULL,NULL,'2010-11-04 00:00:00',5,NULL,2),(66,'1.10',61,NULL,NULL,NULL,'2010-11-04 00:00:00',7,NULL,2),(67,'8.50',62,NULL,NULL,NULL,'2010-11-03 00:00:00',5,NULL,2),(68,'2.60',63,NULL,NULL,NULL,'2010-11-03 00:00:00',7,NULL,2),(69,'6.25',64,NULL,NULL,NULL,'2010-11-03 00:00:00',7,NULL,2),(70,'7.20',65,NULL,NULL,NULL,'2010-11-02 00:00:00',7,NULL,2),(71,'1.90',66,NULL,NULL,NULL,'2010-11-02 00:00:00',5,NULL,2),(72,'4.00',67,NULL,NULL,NULL,'2010-11-02 00:00:00',5,NULL,2),(73,'1.20',68,NULL,NULL,NULL,'2010-11-02 00:00:00',5,NULL,2),(74,'1.00',69,NULL,NULL,NULL,'2010-11-01 00:00:00',8,NULL,2),(75,'6.00',70,NULL,NULL,NULL,'2010-12-31 00:00:00',9,NULL,2),(76,'20.00',71,NULL,NULL,NULL,'2010-12-31 00:00:00',9,NULL,2),(77,'27.38',72,NULL,NULL,NULL,'2010-12-30 00:00:00',11,NULL,2),(78,'8.80',73,NULL,NULL,NULL,'2010-12-30 00:00:00',5,NULL,2),(79,'19.50',74,NULL,NULL,NULL,'2010-12-30 00:00:00',3,NULL,2),(80,'8.50',75,NULL,NULL,NULL,'2010-12-29 00:00:00',5,NULL,2),(81,'1.40',76,NULL,NULL,NULL,'2010-12-29 00:00:00',5,NULL,2),(82,'10.28',77,NULL,NULL,NULL,'2010-12-28 00:00:00',7,NULL,2),(83,'0.65',52,NULL,NULL,NULL,'2010-12-28 00:00:00',5,NULL,2),(84,'6.45',78,NULL,NULL,NULL,'2010-12-28 00:00:00',5,NULL,2),(85,'4.65',79,NULL,NULL,NULL,'2010-12-27 00:00:00',8,NULL,2),(86,'0.60',80,NULL,NULL,NULL,'2010-12-27 00:00:00',5,NULL,2),(87,'3.25',81,NULL,NULL,NULL,'2010-12-27 00:00:00',5,NULL,2),(88,'10.00',82,NULL,NULL,NULL,'2010-12-25 00:00:00',12,NULL,2),(89,'0.55',83,NULL,NULL,NULL,'2010-12-24 00:00:00',7,NULL,2),(90,'1.70',84,NULL,NULL,NULL,'2010-12-24 00:00:00',7,NULL,2),(91,'20.01',85,NULL,NULL,NULL,'2010-12-24 00:00:00',11,NULL,2),(92,'3.20',86,NULL,NULL,NULL,'2010-12-24 00:00:00',3,NULL,2),(93,'-95.50',87,NULL,NULL,NULL,'2010-12-23 00:00:00',7,NULL,2),(94,'0.80',88,NULL,NULL,NULL,'2010-12-23 00:00:00',5,NULL,2),(95,'0.60',89,NULL,NULL,NULL,'2010-12-23 00:00:00',5,NULL,2),(96,'8.55',19,NULL,NULL,NULL,'2010-12-23 00:00:00',5,NULL,2),(97,'2.25',90,NULL,NULL,NULL,'2010-12-23 00:00:00',5,NULL,2),(98,'1.10',61,NULL,NULL,NULL,'2010-12-23 00:00:00',7,NULL,2),(99,'0.60',91,NULL,NULL,NULL,'2010-12-23 00:00:00',5,NULL,2),(100,'0.65',92,NULL,NULL,NULL,'2010-12-22 00:00:00',5,NULL,2),(101,'7.50',49,NULL,NULL,NULL,'2010-12-22 00:00:00',5,NULL,2),(102,'1.40',93,NULL,NULL,NULL,'2010-12-22 00:00:00',5,NULL,2),(103,'16.00',94,NULL,NULL,NULL,'2010-12-21 00:00:00',9,NULL,2),(104,'10.00',95,NULL,NULL,NULL,'2010-12-21 00:00:00',13,NULL,2),(105,'0.65',92,NULL,NULL,NULL,'2010-12-21 00:00:00',5,NULL,2),(106,'8.50',46,NULL,NULL,NULL,'2010-12-21 00:00:00',5,NULL,2),(107,'0.80',88,NULL,NULL,NULL,'2010-12-20 00:00:00',5,NULL,2),(108,'0.60',96,NULL,NULL,NULL,'2010-12-20 00:00:00',5,NULL,2),(109,'8.70',49,NULL,NULL,NULL,'2010-12-20 00:00:00',5,NULL,2),(110,'1.55',97,NULL,NULL,NULL,'2010-12-20 00:00:00',5,NULL,2),(111,'20.00',98,NULL,NULL,NULL,'2010-12-19 00:00:00',27,NULL,2),(112,'18.99',99,NULL,NULL,NULL,'2010-12-19 00:00:00',12,NULL,2),(113,'17.99',100,NULL,NULL,NULL,'2010-12-19 00:00:00',12,NULL,2),(114,'6.19',101,NULL,NULL,NULL,'2010-12-19 00:00:00',12,NULL,2),(115,'18.00',102,NULL,NULL,NULL,'2010-12-18 00:00:00',9,NULL,2),(116,'18.00',103,NULL,NULL,NULL,'2010-12-18 00:00:00',9,NULL,2),(117,'1.38',104,NULL,NULL,NULL,'2010-12-18 00:00:00',3,NULL,2),(118,'4.89',105,NULL,NULL,NULL,'2010-12-18 00:00:00',3,NULL,2),(119,'27.80',106,NULL,NULL,NULL,'2010-12-18 00:00:00',12,NULL,2),(120,'266.04',107,NULL,NULL,NULL,'2010-12-18 00:00:00',14,NULL,2),(121,'0.85',108,NULL,NULL,NULL,'2010-12-17 00:00:00',5,NULL,2),(122,'6.40',109,NULL,NULL,NULL,'2010-12-17 00:00:00',5,NULL,2),(123,'1.40',108,NULL,NULL,NULL,'2010-12-16 00:00:00',5,NULL,2),(124,'0.65',92,NULL,NULL,NULL,'2010-12-16 00:00:00',5,NULL,2),(125,'8.50',46,NULL,NULL,NULL,'2010-12-16 00:00:00',5,NULL,2),(126,'0.65',92,NULL,NULL,NULL,'2010-12-15 00:00:00',5,NULL,2),(127,'12.00',110,NULL,NULL,NULL,'2010-12-15 00:00:00',5,NULL,2),(128,'3.15',111,NULL,NULL,NULL,'2010-12-15 00:00:00',5,NULL,2),(129,'1.40',108,NULL,NULL,NULL,'2010-12-14 00:00:00',5,NULL,2),(130,'8.78',112,NULL,NULL,NULL,'2010-12-14 00:00:00',5,NULL,2),(131,'1.80',113,NULL,NULL,NULL,'2010-12-14 00:00:00',5,NULL,2),(132,'0.65',92,NULL,NULL,NULL,'2010-12-13 00:00:00',5,NULL,2),(133,'5.95',114,NULL,NULL,NULL,'2010-12-13 00:00:00',5,NULL,2),(134,'0.85',93,NULL,NULL,NULL,'2010-12-13 00:00:00',5,NULL,2),(135,'6.50',115,NULL,NULL,NULL,'2010-12-11 00:00:00',9,NULL,2),(136,'7.00',116,NULL,NULL,NULL,'2010-12-11 00:00:00',9,NULL,2),(137,'13.00',117,NULL,NULL,NULL,'2010-12-11 00:00:00',9,NULL,2),(138,'0.00',118,NULL,NULL,NULL,'2010-12-11 00:00:00',8,NULL,2),(139,'12.50',119,NULL,NULL,NULL,'2010-12-10 00:00:00',27,NULL,2),(140,'0.65',92,NULL,NULL,NULL,'2010-12-10 00:00:00',5,NULL,2),(141,'7.15',32,NULL,NULL,NULL,'2010-12-10 00:00:00',5,NULL,2),(142,'3.15',120,NULL,NULL,NULL,'2010-12-10 00:00:00',5,NULL,2),(143,'0.65',91,NULL,NULL,NULL,'2010-12-10 00:00:00',5,NULL,2),(144,'21.48',121,NULL,NULL,NULL,'2010-12-09 00:00:00',27,NULL,2),(145,'66.21',122,NULL,NULL,NULL,'2010-12-09 00:00:00',12,NULL,2),(146,'1.40',30,NULL,NULL,NULL,'2010-12-09 00:00:00',5,NULL,2),(147,'0.65',92,NULL,NULL,NULL,'2010-12-09 00:00:00',5,NULL,2),(148,'8.50',46,NULL,NULL,NULL,'2010-12-09 00:00:00',5,NULL,2),(149,'1.40',123,NULL,NULL,NULL,'2010-12-09 00:00:00',5,NULL,2),(150,'0.60',91,NULL,NULL,NULL,'2010-12-09 00:00:00',5,NULL,2),(151,'58.70',124,NULL,NULL,NULL,'2010-12-07 00:00:00',10,NULL,2),(152,'0.00',125,NULL,NULL,NULL,'2010-12-07 00:00:00',5,NULL,2),(153,'4.00',126,NULL,NULL,NULL,'2010-12-07 00:00:00',7,NULL,2),(154,'8.70',49,NULL,NULL,NULL,'2010-12-07 00:00:00',5,NULL,2),(155,'3.50',127,NULL,NULL,NULL,'2010-12-07 00:00:00',5,NULL,2),(156,'0.00',128,NULL,NULL,NULL,'2010-12-06 00:00:00',9,NULL,2),(157,'10.50',129,NULL,NULL,NULL,'2010-12-06 00:00:00',9,NULL,2),(158,'0.00',125,NULL,NULL,NULL,'2010-12-06 00:00:00',5,NULL,2),(159,'1.90',130,NULL,NULL,NULL,'2010-12-06 00:00:00',5,NULL,2),(160,'6.45',131,NULL,NULL,NULL,'2010-12-06 00:00:00',5,NULL,2),(161,'3.70',132,NULL,NULL,NULL,'2010-12-06 00:00:00',5,NULL,2),(162,'157.36',133,NULL,NULL,NULL,'2010-12-06 00:00:00',15,NULL,2),(163,'20.00',134,NULL,NULL,NULL,'2010-12-05 00:00:00',8,NULL,2),(164,'0.00',135,NULL,NULL,NULL,'2010-12-05 00:00:00',8,NULL,2),(165,'6.25',136,NULL,NULL,NULL,'2010-12-05 00:00:00',8,NULL,2),(166,'0.00',137,NULL,NULL,NULL,'2010-12-04 00:00:00',9,NULL,2),(167,'9.00',138,NULL,NULL,NULL,'2010-12-04 00:00:00',9,NULL,2),(168,'0.00',139,NULL,NULL,NULL,'2010-12-04 00:00:00',8,NULL,2),(169,'5.00',140,NULL,NULL,NULL,'2010-12-04 00:00:00',8,NULL,2),(170,'18.00',141,NULL,NULL,NULL,'2010-12-03 00:00:00',9,NULL,2),(171,'6.00',142,NULL,NULL,NULL,'2010-12-03 00:00:00',8,NULL,2),(172,'0.80',143,NULL,NULL,NULL,'2010-12-03 00:00:00',5,NULL,2),(173,'0.65',52,NULL,NULL,NULL,'2010-12-03 00:00:00',5,NULL,2),(174,'6.25',144,NULL,NULL,NULL,'2010-12-03 00:00:00',5,NULL,2),(175,'1.20',145,NULL,NULL,NULL,'2010-12-03 00:00:00',5,NULL,2),(176,'78.00',146,NULL,NULL,NULL,'2010-12-03 00:00:00',10,NULL,2),(177,'60.35',147,NULL,NULL,NULL,'2010-12-03 00:00:00',10,NULL,2),(178,'7.00',148,NULL,NULL,NULL,'2010-12-02 00:00:00',5,NULL,2),(179,'1.00',149,NULL,NULL,NULL,'2010-12-02 00:00:00',7,NULL,2),(180,'0.60',42,NULL,NULL,NULL,'2010-12-02 00:00:00',5,NULL,2),(181,'171.00',150,NULL,NULL,NULL,'2010-12-01 00:00:00',16,NULL,2),(182,'1.25',35,NULL,NULL,NULL,'2010-12-01 00:00:00',8,NULL,2),(183,'2.90',151,NULL,NULL,NULL,'2010-12-01 00:00:00',8,NULL,2),(184,'10.00',152,NULL,NULL,NULL,'2010-12-01 00:00:00',8,NULL,2),(185,'1.25',153,NULL,NULL,NULL,'2010-12-01 00:00:00',8,NULL,2),(186,'1.25',154,NULL,NULL,NULL,'2011-01-31 00:00:00',5,NULL,2),(187,'5.39',155,NULL,NULL,NULL,'2011-01-31 00:00:00',5,NULL,2),(188,'1.60',156,NULL,NULL,NULL,'2011-01-31 00:00:00',5,NULL,2),(189,'17.90',157,NULL,NULL,NULL,'2011-01-30 00:00:00',3,NULL,2),(190,'0.55',158,NULL,NULL,NULL,'2011-01-30 00:00:00',7,NULL,2),(191,'100.00',159,NULL,NULL,NULL,'2011-01-30 00:00:00',10,NULL,2),(192,'7.00',160,NULL,NULL,NULL,'2011-01-29 00:00:00',9,NULL,2),(193,'25.00',161,NULL,NULL,NULL,'2011-01-29 00:00:00',11,NULL,2),(194,'1.20',108,NULL,NULL,NULL,'2011-01-28 00:00:00',5,NULL,2),(195,'0.65',92,NULL,NULL,NULL,'2011-01-28 00:00:00',5,NULL,2),(196,'8.50',46,NULL,NULL,NULL,'2011-01-28 00:00:00',5,NULL,2),(197,'3.35',162,NULL,NULL,NULL,'2011-01-28 00:00:00',5,NULL,2),(198,'0.65',92,NULL,NULL,NULL,'2011-01-27 00:00:00',5,NULL,2),(199,'8.50',46,NULL,NULL,NULL,'2011-01-27 00:00:00',5,NULL,2),(200,'2.00',163,NULL,NULL,NULL,'2011-01-27 00:00:00',5,NULL,2),(201,'1.30',108,NULL,NULL,NULL,'2011-01-26 00:00:00',5,NULL,2),(202,'0.65',92,NULL,NULL,NULL,'2011-01-26 00:00:00',5,NULL,2),(203,'6.15',164,NULL,NULL,NULL,'2011-01-26 00:00:00',5,NULL,2),(204,'2.45',165,NULL,NULL,NULL,'2011-01-26 00:00:00',5,NULL,2),(205,'0.80',108,NULL,NULL,NULL,'2011-01-25 00:00:00',5,NULL,2),(206,'0.65',92,NULL,NULL,NULL,'2011-01-25 00:00:00',5,NULL,2),(207,'7.50',49,NULL,NULL,NULL,'2011-01-25 00:00:00',5,NULL,2),(208,'2.45',166,NULL,NULL,NULL,'2011-01-25 00:00:00',5,NULL,2),(209,'0.60',42,NULL,NULL,NULL,'2011-01-25 00:00:00',5,NULL,2),(210,'4.70',167,NULL,NULL,NULL,'2011-01-24 00:00:00',5,NULL,2),(211,'0.65',92,NULL,NULL,NULL,'2011-01-24 00:00:00',5,NULL,2),(212,'9.15',46,NULL,NULL,NULL,'2011-01-24 00:00:00',5,NULL,2),(213,'0.00',168,NULL,NULL,NULL,'2011-01-24 00:00:00',16,NULL,2),(214,'2.05',93,NULL,NULL,NULL,'2011-01-24 00:00:00',5,NULL,2),(215,'2.30',169,NULL,NULL,NULL,'2011-01-23 00:00:00',5,NULL,2),(216,'5.00',170,NULL,NULL,NULL,'2011-01-22 00:00:00',9,NULL,2),(217,'8.00',171,NULL,NULL,NULL,'2011-01-22 00:00:00',9,NULL,2),(218,'5.50',172,NULL,NULL,NULL,'2011-01-22 00:00:00',9,NULL,2),(219,'20.00',173,NULL,NULL,NULL,'2011-01-22 00:00:00',9,NULL,2),(220,'10.00',174,NULL,NULL,NULL,'2011-01-22 00:00:00',7,NULL,2),(221,'15.00',175,NULL,NULL,NULL,'2011-01-21 00:00:00',11,NULL,2),(222,'0.65',92,NULL,NULL,NULL,'2011-01-21 00:00:00',5,NULL,2),(223,'6.15',1027,NULL,NULL,NULL,'2011-01-21 00:00:00',5,NULL,2),(224,'0.65',177,NULL,NULL,NULL,'2011-01-20 00:00:00',5,NULL,2),(225,'8.50',46,NULL,NULL,NULL,'2011-01-20 00:00:00',5,NULL,2),(226,'0.00',178,NULL,NULL,NULL,'2011-01-19 00:00:00',16,NULL,2),(227,'0.65',92,NULL,NULL,NULL,'2011-01-19 00:00:00',5,NULL,2),(228,'9.50',179,NULL,NULL,NULL,'2011-01-19 00:00:00',5,NULL,2),(229,'0.85',93,NULL,NULL,NULL,'2011-01-19 00:00:00',5,NULL,2),(230,'2.50',180,NULL,NULL,NULL,'2011-01-18 00:00:00',5,NULL,2),(231,'13.70',75,NULL,NULL,NULL,'2011-01-18 00:00:00',5,NULL,2),(232,'2.45',181,NULL,NULL,NULL,'2011-01-18 00:00:00',5,NULL,2),(233,'7.45',182,NULL,NULL,NULL,'2011-01-17 00:00:00',5,NULL,2),(234,'1.50',162,NULL,NULL,NULL,'2011-01-17 00:00:00',5,NULL,2),(235,'9.08',183,NULL,NULL,NULL,'2011-01-16 00:00:00',3,NULL,2),(236,'35.99',184,NULL,NULL,NULL,'2011-01-16 00:00:00',3,NULL,2),(237,'10.55',185,NULL,NULL,NULL,'2011-01-16 00:00:00',5,NULL,2),(238,'3.00',186,NULL,NULL,NULL,'2011-01-15 00:00:00',9,NULL,2),(239,'20.00',187,NULL,NULL,NULL,'2011-01-15 00:00:00',9,NULL,2),(240,'40.00',188,NULL,NULL,NULL,'2011-01-15 00:00:00',9,NULL,2),(241,'10.00',189,NULL,NULL,NULL,'2011-01-15 00:00:00',9,NULL,2),(242,'3.00',190,NULL,NULL,NULL,'2011-01-15 00:00:00',9,NULL,2),(243,'10.00',191,NULL,NULL,NULL,'2011-01-15 00:00:00',11,NULL,2),(244,'5.95',192,NULL,NULL,NULL,'2011-01-14 00:00:00',5,NULL,2),(245,'2.75',76,NULL,NULL,NULL,'2011-01-14 00:00:00',5,NULL,2),(246,'0.85',193,NULL,NULL,NULL,'2011-01-13 00:00:00',5,NULL,2),(247,'0.65',92,NULL,NULL,NULL,'2011-01-13 00:00:00',5,NULL,2),(248,'8.50',46,NULL,NULL,NULL,'2011-01-13 00:00:00',5,NULL,2),(249,'1.85',76,NULL,NULL,NULL,'2011-01-13 00:00:00',5,NULL,2),(250,'3.08',194,NULL,NULL,NULL,'2011-01-12 00:00:00',3,NULL,2),(251,'0.65',92,NULL,NULL,NULL,'2011-01-12 00:00:00',5,NULL,2),(252,'6.50',49,NULL,NULL,NULL,'2011-01-12 00:00:00',5,NULL,2),(253,'2.20',195,NULL,NULL,NULL,'2011-01-12 00:00:00',5,NULL,2),(254,'0.65',92,NULL,NULL,NULL,'2011-01-11 00:00:00',5,NULL,2),(255,'8.50',46,NULL,NULL,NULL,'2011-01-11 00:00:00',5,NULL,2),(256,'2.10',76,NULL,NULL,NULL,'2011-01-11 00:00:00',5,NULL,2),(257,'3.50',196,NULL,NULL,NULL,'2011-01-10 00:00:00',5,NULL,2),(258,'2.45',76,NULL,NULL,NULL,'2011-01-10 00:00:00',5,NULL,2),(259,'7.00',197,NULL,NULL,NULL,'2011-01-08 00:00:00',9,NULL,2),(260,'2.50',1028,NULL,NULL,NULL,'2011-01-08 00:00:00',9,NULL,2),(261,'10.00',174,NULL,NULL,NULL,'2011-01-08 00:00:00',7,NULL,2),(262,'0.65',92,NULL,NULL,NULL,'2011-01-07 00:00:00',5,NULL,2),(263,'5.95',192,NULL,NULL,NULL,'2011-01-07 00:00:00',5,NULL,2),(264,'0.90',199,NULL,NULL,NULL,'2011-01-07 00:00:00',5,NULL,2),(265,'0.60',42,NULL,NULL,NULL,'2011-01-07 00:00:00',5,NULL,2),(266,'0.65',92,NULL,NULL,NULL,'2011-01-06 00:00:00',5,NULL,2),(267,'7.50',49,NULL,NULL,NULL,'2011-01-06 00:00:00',5,NULL,2),(268,'2.95',200,NULL,NULL,NULL,'2011-01-06 00:00:00',5,NULL,2),(269,'1.10',61,NULL,NULL,NULL,'2011-01-06 00:00:00',23,NULL,2),(270,'1.20',108,NULL,NULL,NULL,'2011-01-05 00:00:00',5,NULL,2),(271,'0.70',96,NULL,NULL,NULL,'2011-01-05 00:00:00',5,NULL,2),(272,'6.50',49,NULL,NULL,NULL,'2011-01-05 00:00:00',5,NULL,2),(273,'2.45',76,NULL,NULL,NULL,'2011-01-05 00:00:00',5,NULL,2),(274,'79.90',146,NULL,NULL,NULL,'2011-01-04 00:00:00',10,NULL,2),(275,'1.20',108,NULL,NULL,NULL,'2011-01-04 00:00:00',5,NULL,2),(276,'0.65',92,NULL,NULL,NULL,'2011-01-04 00:00:00',5,NULL,2),(277,'8.50',46,NULL,NULL,NULL,'2011-01-04 00:00:00',5,NULL,2),(278,'63.05',59,NULL,NULL,NULL,'2011-01-04 00:00:00',10,NULL,2),(279,'13.60',201,NULL,NULL,NULL,'2011-01-03 00:00:00',15,NULL,2),(280,'31.60',202,NULL,NULL,NULL,'2011-01-03 00:00:00',10,NULL,2),(281,'-85.00',203,NULL,NULL,NULL,'2011-01-03 00:00:00',7,NULL,2),(282,'0.55',204,NULL,NULL,NULL,'2011-01-03 00:00:00',7,NULL,2),(283,'1.40',205,NULL,NULL,NULL,'2011-01-03 00:00:00',7,NULL,2),(284,'1.00',206,NULL,NULL,NULL,'2011-01-03 00:00:00',5,NULL,2),(285,'3.00',207,NULL,NULL,NULL,'2011-01-03 00:00:00',5,NULL,2),(286,'0.55',208,NULL,NULL,NULL,'2011-01-03 00:00:00',7,NULL,2),(287,'10.00',95,NULL,NULL,NULL,'2011-02-27 00:00:00',13,NULL,2),(288,'8.99',209,NULL,NULL,NULL,'2011-02-26 00:00:00',3,NULL,2),(289,'1.35',210,NULL,NULL,NULL,'2011-02-25 00:00:00',5,NULL,2),(290,'1.05',211,NULL,NULL,NULL,'2011-02-25 00:00:00',5,NULL,2),(291,'0.55',212,NULL,NULL,NULL,'2011-02-25 00:00:00',5,NULL,2),(292,'5.39',155,NULL,NULL,NULL,'2011-02-25 00:00:00',5,NULL,2),(293,'1.00',213,NULL,NULL,NULL,'2011-02-25 00:00:00',5,NULL,2),(294,'16.99',214,NULL,NULL,NULL,'2011-02-24 00:00:00',3,NULL,2),(295,'0.96',211,NULL,NULL,NULL,'2011-02-24 00:00:00',5,NULL,2),(296,'0.55',212,NULL,NULL,NULL,'2011-02-24 00:00:00',5,NULL,2),(297,'5.39',155,NULL,NULL,NULL,'2011-02-24 00:00:00',5,NULL,2),(298,'2.80',215,NULL,NULL,NULL,'2011-02-24 00:00:00',5,NULL,2),(299,'6.20',216,NULL,NULL,NULL,'2011-02-23 00:00:00',8,NULL,2),(300,'1.05',211,NULL,NULL,NULL,'2011-02-23 00:00:00',5,NULL,2),(301,'0.55',212,NULL,NULL,NULL,'2011-02-23 00:00:00',5,NULL,2),(302,'5.39',155,NULL,NULL,NULL,'2011-02-23 00:00:00',5,NULL,2),(303,'1.75',217,NULL,NULL,NULL,'2011-02-23 00:00:00',5,NULL,2),(304,'1.00',218,NULL,NULL,NULL,'2011-02-23 00:00:00',5,NULL,2),(305,'0.83',211,NULL,NULL,NULL,'2011-02-22 00:00:00',5,NULL,2),(306,'0.55',212,NULL,NULL,NULL,'2011-02-22 00:00:00',5,NULL,2),(307,'5.39',155,NULL,NULL,NULL,'2011-02-22 00:00:00',5,NULL,2),(308,'3.40',217,NULL,NULL,NULL,'2011-02-22 00:00:00',5,NULL,2),(309,'7.50',95,NULL,NULL,NULL,'2011-02-21 00:00:00',13,NULL,2),(310,'0.96',211,NULL,NULL,NULL,'2011-02-21 00:00:00',5,NULL,2),(311,'0.55',212,NULL,NULL,NULL,'2011-02-21 00:00:00',5,NULL,2),(312,'5.39',155,NULL,NULL,NULL,'2011-02-21 00:00:00',5,NULL,2),(313,'1.55',219,NULL,NULL,NULL,'2011-02-21 00:00:00',5,NULL,2),(314,'1.50',220,NULL,NULL,NULL,'2011-02-21 00:00:00',5,NULL,2),(315,'83.39',221,NULL,NULL,NULL,'2011-02-20 00:00:00',3,NULL,2),(316,'17.00',222,NULL,NULL,NULL,'2011-02-19 00:00:00',9,NULL,2),(317,'0.55',212,NULL,NULL,NULL,'2011-02-18 00:00:00',5,NULL,2),(318,'5.39',155,NULL,NULL,NULL,'2011-02-18 00:00:00',5,NULL,2),(319,'1.60',218,NULL,NULL,NULL,'2011-02-18 00:00:00',5,NULL,2),(320,'0.39',223,NULL,NULL,NULL,'2011-02-17 00:00:00',5,NULL,2),(321,'0.55',212,NULL,NULL,NULL,'2011-02-17 00:00:00',5,NULL,2),(322,'5.39',155,NULL,NULL,NULL,'2011-02-17 00:00:00',5,NULL,2),(323,'3.50',163,NULL,NULL,NULL,'2011-02-17 00:00:00',5,NULL,2),(324,'0.55',83,NULL,NULL,NULL,'2011-02-16 00:00:00',7,NULL,2),(325,'1.20',224,NULL,NULL,NULL,'2011-02-16 00:00:00',7,NULL,2),(326,'0.80',225,NULL,NULL,NULL,'2011-02-16 00:00:00',5,NULL,2),(327,'0.55',212,NULL,NULL,NULL,'2011-02-16 00:00:00',5,NULL,2),(328,'5.39',155,NULL,NULL,NULL,'2011-02-16 00:00:00',5,NULL,2),(329,'2.13',226,NULL,NULL,NULL,'2011-02-16 00:00:00',5,NULL,2),(330,'0.55',227,NULL,NULL,NULL,'2011-02-16 00:00:00',7,NULL,2),(331,'20.01',228,NULL,NULL,NULL,'2011-02-15 00:00:00',11,NULL,2),(332,'0.55',83,NULL,NULL,NULL,'2011-02-15 00:00:00',7,NULL,2),(333,'1.60',229,NULL,NULL,NULL,'2011-02-15 00:00:00',7,NULL,2),(334,'5.39',155,NULL,NULL,NULL,'2011-02-15 00:00:00',5,NULL,2),(335,'1.10',230,NULL,NULL,NULL,'2011-02-15 00:00:00',7,NULL,2),(336,'2.50',231,NULL,NULL,NULL,'2011-02-15 00:00:00',5,NULL,2),(337,'0.55',227,NULL,NULL,NULL,'2011-02-15 00:00:00',7,NULL,2),(338,'5.39',155,NULL,NULL,NULL,'2011-02-14 00:00:00',5,NULL,2),(339,'2.30',232,NULL,NULL,NULL,'2011-02-14 00:00:00',5,NULL,2),(340,'60.00',233,NULL,NULL,NULL,'2011-02-14 00:00:00',7,NULL,2),(341,'20.00',234,NULL,NULL,NULL,'2011-02-12 00:00:00',9,NULL,2),(342,'4.50',235,NULL,NULL,NULL,'2011-02-11 00:00:00',9,NULL,2),(343,'20.00',236,NULL,NULL,NULL,'2011-02-11 00:00:00',9,NULL,2),(344,'1.25',237,NULL,NULL,NULL,'2011-02-11 00:00:00',9,NULL,2),(345,'1.54',211,NULL,NULL,NULL,'2011-02-11 00:00:00',5,NULL,2),(346,'5.39',155,NULL,NULL,NULL,'2011-02-11 00:00:00',5,NULL,2),(347,'1.60',232,NULL,NULL,NULL,'2011-02-11 00:00:00',5,NULL,2),(348,'1.00',238,NULL,NULL,NULL,'2011-02-11 00:00:00',5,NULL,2),(349,'0.55',158,NULL,NULL,NULL,'2011-02-10 00:00:00',7,NULL,2),(350,'0.66',211,NULL,NULL,NULL,'2011-02-10 00:00:00',5,NULL,2),(351,'5.39',155,NULL,NULL,NULL,'2011-02-10 00:00:00',5,NULL,2),(352,'1.86',239,NULL,NULL,NULL,'2011-02-10 00:00:00',5,NULL,2),(353,'0.55',240,NULL,NULL,NULL,'2011-02-10 00:00:00',7,NULL,2),(354,'1.30',241,NULL,NULL,NULL,'2011-02-09 00:00:00',5,NULL,2),(355,'5.39',155,NULL,NULL,NULL,'2011-02-09 00:00:00',5,NULL,2),(356,'32.40',202,NULL,NULL,NULL,'2011-02-09 00:00:00',10,NULL,2),(357,'1.35',217,NULL,NULL,NULL,'2011-02-09 00:00:00',5,NULL,2),(358,'1.49',211,NULL,NULL,NULL,'2011-02-08 00:00:00',5,NULL,2),(359,'7.50',95,NULL,NULL,NULL,'2011-02-08 00:00:00',13,NULL,2),(360,'5.39',155,NULL,NULL,NULL,'2011-02-08 00:00:00',5,NULL,2),(361,'0.80',217,NULL,NULL,NULL,'2011-02-08 00:00:00',5,NULL,2),(362,'0.66',242,NULL,NULL,NULL,'2011-02-07 00:00:00',5,NULL,2),(363,'0.55',212,NULL,NULL,NULL,'2011-02-07 00:00:00',5,NULL,2),(364,'5.39',155,NULL,NULL,NULL,'2011-02-07 00:00:00',5,NULL,2),(365,'1.50',243,NULL,NULL,NULL,'2011-02-07 00:00:00',5,NULL,2),(366,'34.50',244,NULL,NULL,NULL,'2011-02-06 00:00:00',3,NULL,2),(367,'2.00',245,NULL,NULL,NULL,'2011-02-06 00:00:00',8,NULL,2),(368,'20.00',246,NULL,NULL,NULL,'2011-02-06 00:00:00',11,NULL,2),(369,'3.00',36,NULL,NULL,NULL,'2011-02-05 00:00:00',9,NULL,2),(370,'15.00',247,NULL,NULL,NULL,'2011-02-05 00:00:00',9,NULL,2),(371,'0.55',153,NULL,NULL,NULL,'2011-02-05 00:00:00',9,NULL,2),(372,'4.95',248,NULL,NULL,NULL,'2011-02-05 00:00:00',8,NULL,2),(373,'30.56',249,NULL,NULL,NULL,'2011-02-05 00:00:00',3,NULL,2),(374,'80.00',250,NULL,NULL,NULL,'2011-02-05 00:00:00',7,NULL,2),(375,'0.96',211,NULL,NULL,NULL,'2011-02-04 00:00:00',5,NULL,2),(376,'9.60',251,NULL,NULL,NULL,'2011-02-04 00:00:00',5,NULL,2),(377,'1.55',217,NULL,NULL,NULL,'2011-02-04 00:00:00',5,NULL,2),(378,'1.20',252,NULL,NULL,NULL,'2011-02-03 00:00:00',5,NULL,2),(379,'5.39',155,NULL,NULL,NULL,'2011-02-03 00:00:00',5,NULL,2),(380,'63.05',59,NULL,NULL,NULL,'2011-02-03 00:00:00',5,NULL,2),(381,'1.35',253,NULL,NULL,NULL,'2011-02-03 00:00:00',5,NULL,2),(382,'10.00',254,NULL,NULL,NULL,'2011-02-02 00:00:00',8,NULL,2),(383,'1.52',211,NULL,NULL,NULL,'2011-02-02 00:00:00',5,NULL,2),(384,'1.30',255,NULL,NULL,NULL,'2011-02-02 00:00:00',5,NULL,2),(385,'5.39',155,NULL,NULL,NULL,'2011-02-02 00:00:00',5,NULL,2),(386,'0.80',217,NULL,NULL,NULL,'2011-02-02 00:00:00',5,NULL,2),(387,'2.00',256,NULL,NULL,NULL,'2011-02-01 00:00:00',5,NULL,2),(388,'5.39',155,NULL,NULL,NULL,'2011-02-01 00:00:00',5,NULL,2),(389,'2.35',217,NULL,NULL,NULL,'2011-02-01 00:00:00',5,NULL,2),(390,'30.58',257,NULL,NULL,NULL,'2011-03-31 00:00:00',11,NULL,2),(391,'1.05',211,NULL,NULL,NULL,'2011-03-31 00:00:00',5,NULL,2),(392,'5.39',155,NULL,NULL,NULL,'2011-03-31 00:00:00',5,NULL,2),(393,'2.75',200,NULL,NULL,NULL,'2011-03-31 00:00:00',5,NULL,2),(394,'4.60',258,NULL,NULL,NULL,'2011-03-31 00:00:00',23,NULL,2),(395,'1.89',256,NULL,NULL,NULL,'2011-03-30 00:00:00',5,NULL,2),(396,'5.39',155,NULL,NULL,NULL,'2011-03-30 00:00:00',5,NULL,2),(397,'3.05',253,NULL,NULL,NULL,'2011-03-30 00:00:00',5,NULL,2),(398,'1.00',259,NULL,NULL,NULL,'2011-03-30 00:00:00',7,NULL,2),(399,'1.70',260,NULL,NULL,NULL,'2011-03-29 00:00:00',7,NULL,2),(400,'1.05',108,NULL,NULL,NULL,'2011-03-29 00:00:00',5,NULL,2),(401,'5.39',155,NULL,NULL,NULL,'2011-03-29 00:00:00',5,NULL,2),(402,'1.52',211,NULL,NULL,NULL,'2011-03-28 00:00:00',5,NULL,2),(403,'1.10',261,NULL,NULL,NULL,'2011-03-28 00:00:00',5,NULL,2),(404,'5.39',155,NULL,NULL,NULL,'2011-03-28 00:00:00',5,NULL,2),(405,'5.95',262,NULL,NULL,NULL,'2011-03-27 00:00:00',8,NULL,2),(406,'12.50',263,NULL,NULL,NULL,'2011-03-26 00:00:00',7,NULL,2),(407,'3.00',264,NULL,NULL,NULL,'2011-03-26 00:00:00',9,NULL,2),(408,'10.00',265,NULL,NULL,NULL,'2011-03-26 00:00:00',9,NULL,2),(409,'13.00',266,NULL,NULL,NULL,'2011-03-26 00:00:00',9,NULL,2),(410,'13.70',267,NULL,NULL,NULL,'2011-03-25 00:00:00',9,NULL,2),(411,'1.30',268,NULL,NULL,NULL,'2011-03-25 00:00:00',5,NULL,2),(412,'0.15',212,NULL,NULL,NULL,'2011-03-25 00:00:00',5,NULL,2),(413,'5.39',155,NULL,NULL,NULL,'2011-03-25 00:00:00',5,NULL,2),(414,'1.71',269,NULL,NULL,NULL,'2011-03-25 00:00:00',5,NULL,2),(415,'0.55',227,NULL,NULL,NULL,'2011-03-25 00:00:00',5,NULL,2),(416,'30.00',270,NULL,NULL,NULL,'2011-03-24 00:00:00',11,NULL,2),(417,'0.65',52,NULL,NULL,NULL,'2011-03-24 00:00:00',5,NULL,2),(418,'8.95',271,NULL,NULL,NULL,'2011-03-24 00:00:00',5,NULL,2),(419,'3.00',272,NULL,NULL,NULL,'2011-03-24 00:00:00',5,NULL,2),(420,'14.95',273,NULL,NULL,NULL,'2011-03-23 00:00:00',8,NULL,2),(421,'15.00',274,NULL,NULL,NULL,'2011-03-23 00:00:00',8,NULL,2),(422,'10.00',95,NULL,NULL,NULL,'2011-03-23 00:00:00',13,NULL,2),(423,'1.30',268,NULL,NULL,NULL,'2011-03-23 00:00:00',5,NULL,2),(424,'5.39',155,NULL,NULL,NULL,'2011-03-23 00:00:00',5,NULL,2),(425,'3.60',275,NULL,NULL,NULL,'2011-03-23 00:00:00',5,NULL,2),(426,'1.20',276,NULL,NULL,NULL,'2011-03-22 00:00:00',5,NULL,2),(427,'0.55',212,NULL,NULL,NULL,'2011-03-22 00:00:00',5,NULL,2),(428,'5.39',155,NULL,NULL,NULL,'2011-03-22 00:00:00',5,NULL,2),(429,'1.85',253,NULL,NULL,NULL,'2011-03-22 00:00:00',5,NULL,2),(430,'0.55',212,NULL,NULL,NULL,'2011-03-21 00:00:00',5,NULL,2),(431,'5.39',155,NULL,NULL,NULL,'2011-03-21 00:00:00',5,NULL,2),(432,'0.90',277,NULL,NULL,NULL,'2011-03-21 00:00:00',3,NULL,2),(433,'2.80',253,NULL,NULL,NULL,'2011-03-21 00:00:00',5,NULL,2),(434,'4.00',278,NULL,NULL,NULL,'2011-03-20 00:00:00',3,NULL,2),(435,'6.50',279,NULL,NULL,NULL,'2011-03-20 00:00:00',8,NULL,2),(436,'2.72',280,NULL,NULL,NULL,'2011-03-19 00:00:00',3,NULL,2),(437,'13.47',281,NULL,NULL,NULL,'2011-03-19 00:00:00',3,NULL,2),(438,'15.89',282,NULL,NULL,NULL,'2011-03-18 00:00:00',11,NULL,2),(439,'5.00',283,NULL,NULL,NULL,'2011-03-18 00:00:00',9,NULL,2),(440,'10.00',284,NULL,NULL,NULL,'2011-03-18 00:00:00',9,NULL,2),(441,'0.00',211,NULL,NULL,NULL,'2011-03-18 00:00:00',5,NULL,2),(442,'0.55',212,NULL,NULL,NULL,'2011-03-18 00:00:00',5,NULL,2),(443,'5.39',155,NULL,NULL,NULL,'2011-03-18 00:00:00',5,NULL,2),(444,'0.00',253,NULL,NULL,NULL,'2011-03-18 00:00:00',5,NULL,2),(445,'0.00',211,NULL,NULL,NULL,'2011-03-17 00:00:00',5,NULL,2),(446,'0.55',212,NULL,NULL,NULL,'2011-03-17 00:00:00',5,NULL,2),(447,'5.39',155,NULL,NULL,NULL,'2011-03-17 00:00:00',5,NULL,2),(448,'3.00',217,NULL,NULL,NULL,'2011-03-17 00:00:00',5,NULL,2),(449,'1.49',211,NULL,NULL,NULL,'2011-03-16 00:00:00',5,NULL,2),(450,'5.39',155,NULL,NULL,NULL,'2011-03-16 00:00:00',5,NULL,2),(451,'5.70',285,NULL,NULL,NULL,'2011-03-15 00:00:00',8,NULL,2),(452,'1.05',211,NULL,NULL,NULL,'2011-03-15 00:00:00',5,NULL,2),(453,'1.10',286,NULL,NULL,NULL,'2011-03-15 00:00:00',5,NULL,2),(454,'5.39',155,NULL,NULL,NULL,'2011-03-15 00:00:00',5,NULL,2),(455,'2.75',287,NULL,NULL,NULL,'2011-03-15 00:00:00',5,NULL,2),(456,'1.05',211,NULL,NULL,NULL,'2011-03-14 00:00:00',5,NULL,2),(457,'4.30',288,NULL,NULL,NULL,'2011-03-14 00:00:00',5,NULL,2),(458,'5.05',289,NULL,NULL,NULL,'2011-03-14 00:00:00',5,NULL,2),(459,'2.40',253,NULL,NULL,NULL,'2011-03-14 00:00:00',5,NULL,2),(460,'7.15',1026,NULL,NULL,NULL,'2011-03-13 00:00:00',8,NULL,2),(461,'6.75',291,NULL,NULL,NULL,'2011-03-13 00:00:00',8,NULL,2),(462,'15.29',292,NULL,NULL,NULL,'2011-03-13 00:00:00',11,NULL,2),(463,'29.50',293,NULL,NULL,NULL,'2011-03-12 00:00:00',9,NULL,2),(464,'1.90',294,NULL,NULL,NULL,'2011-03-12 00:00:00',8,NULL,2),(465,'15.29',295,NULL,NULL,NULL,'2011-03-11 00:00:00',11,NULL,2),(466,'5.39',155,NULL,NULL,NULL,'2011-03-11 00:00:00',5,NULL,2),(467,'0.80',296,NULL,NULL,NULL,'2011-03-11 00:00:00',5,NULL,2),(468,'13.80',297,NULL,NULL,NULL,'2011-03-10 00:00:00',8,NULL,2),(469,'1.05',211,NULL,NULL,NULL,'2011-03-10 00:00:00',5,NULL,2),(470,'0.55',212,NULL,NULL,NULL,'2011-03-10 00:00:00',5,NULL,2),(471,'5.39',155,NULL,NULL,NULL,'2011-03-10 00:00:00',5,NULL,2),(472,'2.75',298,NULL,NULL,NULL,'2011-03-10 00:00:00',5,NULL,2),(473,'56.00',202,NULL,NULL,NULL,'2011-03-09 00:00:00',10,NULL,2),(474,'1.50',256,NULL,NULL,NULL,'2011-03-09 00:00:00',5,NULL,2),(475,'0.55',212,NULL,NULL,NULL,'2011-03-09 00:00:00',5,NULL,2),(476,'5.39',155,NULL,NULL,NULL,'2011-03-09 00:00:00',5,NULL,2),(477,'2.60',253,NULL,NULL,NULL,'2011-03-09 00:00:00',5,NULL,2),(478,'63.05',59,NULL,NULL,NULL,'2011-03-09 00:00:00',10,NULL,2),(479,'3.20',299,NULL,NULL,NULL,'2011-03-08 00:00:00',8,NULL,2),(480,'1.80',300,NULL,NULL,NULL,'2011-03-08 00:00:00',7,NULL,2),(481,'0.00',301,NULL,NULL,NULL,'2011-03-07 00:00:00',9,NULL,2),(482,'79.90',146,NULL,NULL,NULL,'2011-03-02 00:00:00',10,NULL,2),(483,'0.00',302,NULL,NULL,NULL,'2011-04-30 00:00:00',9,NULL,2),(484,'0.00',303,NULL,NULL,NULL,'2011-04-30 00:00:00',9,NULL,2),(485,'4.80',304,NULL,NULL,NULL,'2011-04-30 00:00:00',9,NULL,2),(486,'0.00',305,NULL,NULL,NULL,'2011-04-30 00:00:00',9,NULL,2),(487,'0.00',302,NULL,NULL,NULL,'2011-04-30 00:00:00',9,NULL,2),(488,'3.00',306,NULL,NULL,NULL,'2011-04-30 00:00:00',8,NULL,2),(489,'4.00',307,NULL,NULL,NULL,'2011-04-30 00:00:00',8,NULL,2),(490,'10.00',308,NULL,NULL,NULL,'2011-04-29 00:00:00',9,NULL,2),(491,'1.00',309,NULL,NULL,NULL,'2011-04-29 00:00:00',5,NULL,2),(492,'0.55',310,NULL,NULL,NULL,'2011-04-29 00:00:00',5,NULL,2),(493,'5.39',155,NULL,NULL,NULL,'2011-04-29 00:00:00',5,NULL,2),(494,'2.65',213,NULL,NULL,NULL,'2011-04-29 00:00:00',5,NULL,2),(495,'5.50',311,NULL,NULL,NULL,'2011-04-28 00:00:00',8,NULL,2),(496,'15.00',312,NULL,NULL,NULL,'2011-04-28 00:00:00',8,NULL,2),(497,'1.00',309,NULL,NULL,NULL,'2011-04-28 00:00:00',5,NULL,2),(498,'5.39',155,NULL,NULL,NULL,'2011-04-28 00:00:00',5,NULL,2),(499,'2.00',217,NULL,NULL,NULL,'2011-04-28 00:00:00',5,NULL,2),(500,'1.00',309,NULL,NULL,NULL,'2011-04-27 00:00:00',5,NULL,2),(501,'0.50',212,NULL,NULL,NULL,'2011-04-27 00:00:00',5,NULL,2),(502,'5.39',155,NULL,NULL,NULL,'2011-04-27 00:00:00',5,NULL,2),(503,'2.60',253,NULL,NULL,NULL,'2011-04-27 00:00:00',5,NULL,2),(504,'12.50',313,NULL,NULL,NULL,'2011-04-26 00:00:00',8,NULL,2),(505,'1.52',211,NULL,NULL,NULL,'2011-04-26 00:00:00',5,NULL,2),(506,'5.39',155,NULL,NULL,NULL,'2011-04-26 00:00:00',5,NULL,2),(507,'3.45',213,NULL,NULL,NULL,'2011-04-26 00:00:00',5,NULL,2),(508,'2.05',314,NULL,NULL,NULL,'2011-04-25 00:00:00',7,NULL,2),(509,'9.35',36,NULL,NULL,NULL,'2011-04-24 00:00:00',9,NULL,2),(510,'5.00',37,NULL,NULL,NULL,'2011-04-24 00:00:00',9,NULL,2),(511,'10.00',315,NULL,NULL,NULL,'2011-04-24 00:00:00',9,NULL,2),(512,'10.00',263,NULL,NULL,NULL,'2011-04-24 00:00:00',7,NULL,2),(513,'10.00',95,NULL,NULL,NULL,'2011-04-24 00:00:00',13,NULL,2),(514,'1.00',309,NULL,NULL,NULL,'2011-04-15 00:00:00',5,NULL,2),(515,'0.55',212,NULL,NULL,NULL,'2011-04-15 00:00:00',5,NULL,2),(516,'5.39',155,NULL,NULL,NULL,'2011-04-15 00:00:00',5,NULL,2),(517,'1.85',253,NULL,NULL,NULL,'2011-04-15 00:00:00',5,NULL,2),(518,'15.50',316,NULL,NULL,NULL,'2011-04-14 00:00:00',8,NULL,2),(519,'1.50',317,NULL,NULL,NULL,'2011-04-14 00:00:00',5,NULL,2),(520,'0.55',212,NULL,NULL,NULL,'2011-04-14 00:00:00',5,NULL,2),(521,'5.39',211,NULL,NULL,NULL,'2011-04-14 00:00:00',5,NULL,2),(522,'1.60',253,NULL,NULL,NULL,'2011-04-14 00:00:00',5,NULL,2),(523,'20.00',318,NULL,NULL,NULL,'2011-04-13 00:00:00',11,NULL,2),(524,'1.40',211,NULL,NULL,NULL,'2011-04-13 00:00:00',5,NULL,2),(525,'0.55',212,NULL,NULL,NULL,'2011-04-13 00:00:00',5,NULL,2),(526,'5.39',155,NULL,NULL,NULL,'2011-04-13 00:00:00',5,NULL,2),(527,'1.00',319,NULL,NULL,NULL,'2011-04-13 00:00:00',5,NULL,2),(528,'5.50',320,NULL,NULL,NULL,'2011-04-12 00:00:00',8,NULL,2),(529,'0.55',212,NULL,NULL,NULL,'2011-04-12 00:00:00',5,NULL,2),(530,'5.39',155,NULL,NULL,NULL,'2011-04-12 00:00:00',5,NULL,2),(531,'3.60',253,NULL,NULL,NULL,'2011-04-12 00:00:00',5,NULL,2),(532,'1.00',309,NULL,NULL,NULL,'2011-04-11 00:00:00',5,NULL,2),(533,'10.00',321,NULL,NULL,NULL,'2011-04-11 00:00:00',5,NULL,2),(534,'3.55',253,NULL,NULL,NULL,'2011-04-11 00:00:00',5,NULL,2),(535,'6.35',322,NULL,NULL,NULL,'2011-04-10 00:00:00',8,NULL,2),(536,'0.55',83,NULL,NULL,NULL,'2011-04-09 00:00:00',7,NULL,2),(537,'36.00',202,NULL,NULL,NULL,'2011-04-08 00:00:00',10,NULL,2),(538,'6.30',323,NULL,NULL,NULL,'2011-04-08 00:00:00',9,NULL,2),(539,'63.05',59,NULL,NULL,NULL,'2011-04-08 00:00:00',10,NULL,2),(540,'0.55',310,NULL,NULL,NULL,'2011-04-08 00:00:00',5,NULL,2),(541,'1.00',309,NULL,NULL,NULL,'2011-04-08 00:00:00',5,NULL,2),(542,'5.39',155,NULL,NULL,NULL,'2011-04-08 00:00:00',5,NULL,2),(543,'3.80',232,NULL,NULL,NULL,'2011-04-08 00:00:00',5,NULL,2),(544,'1.30',309,NULL,NULL,NULL,'2011-04-07 00:00:00',5,NULL,2),(545,'5.39',239,NULL,NULL,NULL,'2011-04-07 00:00:00',5,NULL,2),(546,'2.00',324,NULL,NULL,NULL,'2011-04-07 00:00:00',5,NULL,2),(547,'5.00',325,NULL,NULL,NULL,'2011-04-06 00:00:00',8,NULL,2),(548,'1.00',309,NULL,NULL,NULL,'2011-04-06 00:00:00',5,NULL,2),(549,'5.39',155,NULL,NULL,NULL,'2011-04-06 00:00:00',5,NULL,2),(550,'3.95',213,NULL,NULL,NULL,'2011-04-06 00:00:00',5,NULL,2),(551,'7.70',326,NULL,NULL,NULL,'2011-04-05 00:00:00',5,NULL,2),(552,'0.66',239,NULL,NULL,NULL,'2011-04-05 00:00:00',5,NULL,2),(553,'79.90',146,NULL,NULL,NULL,'2011-04-04 00:00:00',10,NULL,2),(554,'12.00',327,NULL,NULL,NULL,'2011-04-04 00:00:00',8,NULL,2),(555,'5.39',155,NULL,NULL,NULL,'2011-04-04 00:00:00',5,NULL,2),(556,'2.60',253,NULL,NULL,NULL,'2011-04-04 00:00:00',5,NULL,2),(557,'80.00',328,NULL,NULL,NULL,'2011-04-02 00:00:00',7,NULL,2),(558,'1.90',329,NULL,NULL,NULL,'2011-04-02 00:00:00',8,NULL,2),(559,'0.55',153,NULL,NULL,NULL,'2011-04-02 00:00:00',9,NULL,2),(560,'24.00',330,NULL,NULL,NULL,'2011-04-02 00:00:00',9,NULL,2),(561,'13.00',331,NULL,NULL,NULL,'2011-04-02 00:00:00',9,NULL,2),(562,'40.00',332,NULL,NULL,NULL,'2011-04-02 00:00:00',3,NULL,2),(563,'25.98',333,NULL,NULL,NULL,'2011-04-02 00:00:00',3,NULL,2),(564,'39.00',334,NULL,NULL,NULL,'2011-04-02 00:00:00',3,NULL,2),(565,'1.10',335,NULL,NULL,NULL,'2011-04-01 00:00:00',5,NULL,2),(566,'5.39',155,NULL,NULL,NULL,'2011-04-01 00:00:00',5,NULL,2),(567,'2.13',239,NULL,NULL,NULL,'2011-04-01 00:00:00',5,NULL,2),(568,'0.85',336,NULL,NULL,NULL,'2011-04-01 00:00:00',5,NULL,2),(569,'0.60',91,NULL,NULL,NULL,'2010-11-16 00:00:00',5,NULL,2),(570,'8.40',337,NULL,NULL,NULL,'2010-11-16 00:00:00',5,NULL,2),(571,'0.65',92,NULL,NULL,NULL,'2010-11-16 00:00:00',5,NULL,2),(572,'10.00',95,NULL,NULL,NULL,'2010-11-16 00:00:00',13,NULL,2),(573,'0.85',338,NULL,NULL,NULL,'2010-11-16 00:00:00',5,NULL,2),(574,'1.25',339,NULL,NULL,NULL,'2010-11-16 00:00:00',9,NULL,2),(575,'1.20',340,NULL,NULL,NULL,'2010-11-17 00:00:00',5,NULL,2),(576,'8.50',46,NULL,NULL,NULL,'2010-11-17 00:00:00',5,NULL,2),(577,'0.65',92,NULL,NULL,NULL,'2010-11-17 00:00:00',5,NULL,2),(578,'5.00',341,NULL,NULL,NULL,'2010-11-17 00:00:00',3,NULL,2),(579,'0.60',42,NULL,NULL,NULL,'2010-11-18 00:00:00',5,NULL,2),(580,'1.60',342,NULL,NULL,NULL,'2010-11-18 00:00:00',7,NULL,2),(581,'1.10',61,NULL,NULL,NULL,'2010-11-18 00:00:00',7,NULL,2),(582,'7.50',343,NULL,NULL,NULL,'2010-11-18 00:00:00',5,NULL,2),(583,'0.65',92,NULL,NULL,NULL,'2010-11-18 00:00:00',5,NULL,2),(584,'4.50',344,NULL,NULL,NULL,'2010-11-19 00:00:00',7,NULL,2),(585,'1.60',345,NULL,NULL,NULL,'2010-11-19 00:00:00',7,NULL,2),(586,'7.80',46,NULL,NULL,NULL,'2010-11-19 00:00:00',5,NULL,2),(587,'2.00',346,NULL,NULL,NULL,'2010-11-19 00:00:00',9,NULL,2),(588,'2.00',347,NULL,NULL,NULL,'2010-11-19 00:00:00',9,NULL,2),(589,'2.50',348,NULL,NULL,NULL,'2010-11-19 00:00:00',9,NULL,2),(590,'2.00',36,NULL,NULL,NULL,'2010-11-19 00:00:00',9,NULL,2),(591,'6.40',349,NULL,NULL,NULL,'2010-11-20 00:00:00',9,NULL,2),(592,'5.00',350,NULL,NULL,NULL,'2010-11-20 00:00:00',9,NULL,2),(593,'2.00',36,NULL,NULL,NULL,'2010-11-20 00:00:00',9,NULL,2),(594,'18.25',351,NULL,NULL,NULL,'2010-11-21 00:00:00',3,NULL,2),(595,'75.30',352,NULL,NULL,NULL,'2010-11-21 00:00:00',11,NULL,2),(596,'1.80',353,NULL,NULL,NULL,'2010-11-22 00:00:00',5,NULL,2),(597,'9.60',354,NULL,NULL,NULL,'2010-11-22 00:00:00',5,NULL,2),(598,'1.40',30,NULL,NULL,NULL,'2010-11-22 00:00:00',5,NULL,2),(599,'21.00',355,NULL,NULL,NULL,'2010-11-22 00:00:00',10,NULL,2),(600,'0.60',42,NULL,NULL,NULL,'2010-11-23 00:00:00',5,NULL,2),(601,'8.50',46,NULL,NULL,NULL,'2010-11-23 00:00:00',5,NULL,2),(602,'0.65',92,NULL,NULL,NULL,'2010-11-23 00:00:00',5,NULL,2),(603,'1.05',356,NULL,NULL,NULL,'2010-11-24 00:00:00',7,NULL,2),(604,'1.00',357,NULL,NULL,NULL,'2010-11-24 00:00:00',7,NULL,2),(605,'4.00',357,NULL,NULL,NULL,'2010-11-24 00:00:00',7,NULL,2),(606,'7.90',358,NULL,NULL,NULL,'2010-11-24 00:00:00',5,NULL,2),(607,'0.55',35,NULL,NULL,NULL,'2010-11-24 00:00:00',7,NULL,2),(608,'0.60',91,NULL,NULL,NULL,'2010-11-25 00:00:00',5,NULL,2),(609,'8.50',46,NULL,NULL,NULL,'2010-11-25 00:00:00',5,NULL,2),(610,'0.60',91,NULL,NULL,NULL,'2010-11-26 00:00:00',5,NULL,2),(611,'7.50',359,NULL,NULL,NULL,'2010-11-26 00:00:00',5,NULL,2),(612,'50.16',360,NULL,NULL,NULL,'2010-11-26 00:00:00',12,NULL,2),(613,'1.25',153,NULL,NULL,NULL,'2010-11-26 00:00:00',8,NULL,2),(614,'6.00',361,NULL,NULL,NULL,'2010-11-26 00:00:00',9,NULL,2),(615,'1.00',362,NULL,NULL,NULL,'2010-11-26 00:00:00',9,NULL,2),(616,'0.55',153,NULL,NULL,NULL,'2010-11-27 00:00:00',9,NULL,2),(617,'0.45',363,NULL,NULL,NULL,'2010-11-27 00:00:00',9,NULL,2),(618,'15.00',364,NULL,NULL,NULL,'2010-11-27 00:00:00',9,NULL,2),(619,'5.00',365,NULL,NULL,NULL,'2010-11-27 00:00:00',9,NULL,2),(620,'-5.35',366,NULL,NULL,NULL,'2010-11-28 00:00:00',3,NULL,2),(621,'6.85',367,NULL,NULL,NULL,'2010-11-28 00:00:00',3,NULL,2),(622,'16.60',368,NULL,NULL,NULL,'2010-11-28 00:00:00',12,NULL,2),(623,'1.90',369,NULL,NULL,NULL,'2010-11-28 00:00:00',8,NULL,2),(624,'0.60',50,NULL,NULL,NULL,'2010-11-29 00:00:00',5,NULL,2),(625,'1.30',370,NULL,NULL,NULL,'2010-11-29 00:00:00',5,NULL,2),(626,'5.95',32,NULL,NULL,NULL,'2010-11-29 00:00:00',5,NULL,2),(627,'0.65',92,NULL,NULL,NULL,'2010-11-29 00:00:00',5,NULL,2),(628,'0.64',371,NULL,NULL,NULL,'2010-11-29 00:00:00',5,NULL,2),(629,'1.20',372,NULL,NULL,NULL,'2010-11-30 00:00:00',5,NULL,2),(630,'8.50',46,NULL,NULL,NULL,'2010-11-30 00:00:00',5,NULL,2),(631,'0.65',92,NULL,NULL,NULL,'2010-11-30 00:00:00',5,NULL,2),(632,'10.00',373,NULL,NULL,NULL,'2010-11-30 00:00:00',9,NULL,2),(633,'1.80',374,NULL,NULL,NULL,'2010-10-01 00:00:00',5,NULL,2),(634,'7.85',375,NULL,NULL,NULL,'2010-10-01 00:00:00',5,NULL,2),(635,'1.00',376,NULL,NULL,NULL,'2010-10-01 00:00:00',5,NULL,2),(636,'0.90',377,NULL,NULL,NULL,'2010-10-01 00:00:00',5,NULL,2),(637,'5.50',378,NULL,NULL,NULL,'2010-10-01 00:00:00',5,NULL,2),(638,'2.70',379,NULL,NULL,NULL,'2010-10-01 00:00:00',5,NULL,2),(639,'2.38',380,NULL,NULL,NULL,'2010-10-01 00:00:00',5,NULL,2),(640,'11.00',381,NULL,NULL,NULL,'2010-10-01 00:00:00',9,NULL,2),(641,'10.00',116,NULL,NULL,NULL,'2010-10-01 00:00:00',9,NULL,2),(642,'6.75',382,NULL,NULL,NULL,'2010-10-02 00:00:00',5,NULL,2),(643,'1.00',383,NULL,NULL,NULL,'2010-10-02 00:00:00',5,NULL,2),(644,'13.80',384,NULL,NULL,NULL,'2010-10-02 00:00:00',3,NULL,2),(645,'20.00',385,NULL,NULL,NULL,'2010-10-02 00:00:00',11,NULL,2),(646,'0.60',386,NULL,NULL,NULL,'2010-10-02 00:00:00',5,NULL,2),(647,'10.00',315,NULL,NULL,NULL,'2010-10-02 00:00:00',9,NULL,2),(648,'0.55',153,NULL,NULL,NULL,'2010-10-03 00:00:00',8,NULL,2),(649,'12.00',387,NULL,NULL,NULL,'2010-10-03 00:00:00',8,NULL,2),(650,'0.55',35,NULL,NULL,NULL,'2010-10-03 00:00:00',8,NULL,2),(651,'1.65',388,NULL,NULL,NULL,'2010-10-04 00:00:00',5,NULL,2),(652,'1.45',389,NULL,NULL,NULL,'2010-10-04 00:00:00',7,NULL,2),(653,'4.75',390,NULL,NULL,NULL,'2010-10-04 00:00:00',5,NULL,2),(654,'15.90',391,NULL,NULL,NULL,'2010-10-04 00:00:00',9,NULL,2),(655,'6.50',392,NULL,NULL,NULL,'2010-10-04 00:00:00',9,NULL,2),(656,'65.00',202,NULL,NULL,NULL,'2010-10-05 00:00:00',10,NULL,2),(657,'1.45',393,NULL,NULL,NULL,'2010-10-05 00:00:00',8,NULL,2),(658,'60.35',394,NULL,NULL,NULL,'2010-10-06 00:00:00',10,NULL,2),(659,'7.85',395,NULL,NULL,NULL,'2010-10-06 00:00:00',5,NULL,2),(660,'0.70',396,NULL,NULL,NULL,'2010-10-06 00:00:00',5,NULL,2),(661,'1.20',397,NULL,NULL,NULL,'2010-10-06 00:00:00',5,NULL,2),(662,'8.70',398,NULL,NULL,NULL,'2010-10-07 00:00:00',5,NULL,2),(663,'0.70',399,NULL,NULL,NULL,'2010-10-07 00:00:00',5,NULL,2),(664,'1.20',400,NULL,NULL,NULL,'2010-10-07 00:00:00',5,NULL,2),(665,'2.50',401,NULL,NULL,NULL,'2010-10-08 00:00:00',5,NULL,2),(666,'7.65',402,NULL,NULL,NULL,'2010-10-08 00:00:00',5,NULL,2),(667,'8.00',403,NULL,NULL,NULL,'2010-10-08 00:00:00',9,NULL,2),(668,'10.00',404,NULL,NULL,NULL,'2010-10-08 00:00:00',9,NULL,2),(669,'2.00',405,NULL,NULL,NULL,'2010-10-08 00:00:00',9,NULL,2),(670,'20.00',406,NULL,NULL,NULL,'2010-10-09 00:00:00',11,NULL,2),(671,'2.50',407,NULL,NULL,NULL,'2010-10-09 00:00:00',9,NULL,2),(672,'3.60',408,NULL,NULL,NULL,'2010-10-09 00:00:00',9,NULL,2),(673,'1.00',409,NULL,NULL,NULL,'2010-10-09 00:00:00',9,NULL,2),(674,'10.15',64,NULL,NULL,NULL,'2010-10-10 00:00:00',7,NULL,2),(675,'3.10',410,NULL,NULL,NULL,'2010-10-10 00:00:00',5,NULL,2),(676,'7.85',411,NULL,NULL,NULL,'2010-10-11 00:00:00',5,NULL,2),(677,'1.00',412,NULL,NULL,NULL,'2010-10-11 00:00:00',5,NULL,2),(678,'1.33',413,NULL,NULL,NULL,'2010-10-11 00:00:00',5,NULL,2),(679,'2.55',414,NULL,NULL,NULL,'2010-10-12 00:00:00',5,NULL,2),(680,'7.00',415,NULL,NULL,NULL,'2010-10-12 00:00:00',5,NULL,2),(681,'0.65',416,NULL,NULL,NULL,'2010-10-12 00:00:00',5,NULL,2),(682,'1.20',41,NULL,NULL,NULL,'2010-10-12 00:00:00',5,NULL,2),(683,'10.00',417,NULL,NULL,NULL,'2010-10-12 00:00:00',8,NULL,2),(684,'7.25',418,NULL,NULL,NULL,'2010-10-13 00:00:00',5,NULL,2),(685,'0.65',419,NULL,NULL,NULL,'2010-10-13 00:00:00',5,NULL,2),(686,'1.95',420,NULL,NULL,NULL,'2010-10-14 00:00:00',5,NULL,2),(687,'8.45',421,NULL,NULL,NULL,'2010-10-14 00:00:00',5,NULL,2),(688,'0.75',422,NULL,NULL,NULL,'2010-10-14 00:00:00',5,NULL,2),(689,'3.95',423,NULL,NULL,NULL,'2010-10-14 00:00:00',7,NULL,2),(690,'0.55',424,NULL,NULL,NULL,'2010-10-14 00:00:00',8,NULL,2),(691,'7.40',425,NULL,NULL,NULL,'2010-10-14 00:00:00',8,NULL,2),(692,'0.55',35,NULL,NULL,NULL,'2010-10-14 00:00:00',8,NULL,2),(693,'2.35',426,NULL,NULL,NULL,'2010-10-15 00:00:00',5,NULL,2),(694,'5.39',427,NULL,NULL,NULL,'2010-10-15 00:00:00',5,NULL,2),(695,'0.55',428,NULL,NULL,NULL,'2010-10-15 00:00:00',5,NULL,2),(696,'50.00',429,NULL,NULL,NULL,'2010-10-15 00:00:00',11,NULL,2),(697,'0.55',430,NULL,NULL,NULL,'2010-10-15 00:00:00',7,NULL,2),(698,'2.50',431,NULL,NULL,NULL,'2010-10-15 00:00:00',9,NULL,2),(699,'2.50',432,NULL,NULL,NULL,'2010-10-15 00:00:00',9,NULL,2),(700,'4.00',433,NULL,NULL,NULL,'2010-10-16 00:00:00',8,NULL,2),(701,'1.00',434,NULL,NULL,NULL,'2010-10-16 00:00:00',9,NULL,2),(702,'1.08',435,NULL,NULL,NULL,'2010-10-17 00:00:00',5,NULL,2),(703,'10.00',436,NULL,NULL,NULL,'2010-10-17 00:00:00',13,NULL,2),(704,'31.21',437,NULL,NULL,NULL,'2010-10-17 00:00:00',11,NULL,2),(705,'0.60',438,NULL,NULL,NULL,'2010-10-18 00:00:00',5,NULL,2),(706,'4.60',439,NULL,NULL,NULL,'2010-10-18 00:00:00',5,NULL,2),(707,'-5.90',440,NULL,NULL,NULL,'2010-10-18 00:00:00',3,NULL,2),(708,'13.38',441,NULL,NULL,NULL,'2010-10-19 00:00:00',8,NULL,2),(709,'5.15',442,NULL,NULL,NULL,'2010-10-19 00:00:00',7,NULL,2),(710,'5.39',443,NULL,NULL,NULL,'2010-10-19 00:00:00',5,NULL,2),(711,'5.39',155,NULL,NULL,NULL,'2010-10-20 00:00:00',5,NULL,2),(712,'17.03',444,NULL,NULL,NULL,'2010-10-20 00:00:00',3,NULL,2),(713,'5.50',445,NULL,NULL,NULL,'2010-10-20 00:00:00',8,NULL,2),(714,'0.00',446,NULL,NULL,NULL,'2010-10-21 00:00:00',5,NULL,2),(715,'10.00',447,NULL,NULL,NULL,'2010-10-22 00:00:00',5,NULL,2),(716,'1.75',448,NULL,NULL,NULL,'2010-10-22 00:00:00',5,NULL,2),(717,'0.70',449,NULL,NULL,NULL,'2010-10-22 00:00:00',5,NULL,2),(718,'6.00',450,NULL,NULL,NULL,'2010-10-22 00:00:00',9,NULL,2),(719,'1.75',451,NULL,NULL,NULL,'2010-10-22 00:00:00',9,NULL,2),(720,'31.97',452,NULL,NULL,NULL,'2010-10-23 00:00:00',3,NULL,2),(721,'1.90',453,NULL,NULL,NULL,'2010-10-23 00:00:00',8,NULL,2),(722,'3.50',454,NULL,NULL,NULL,'2010-10-23 00:00:00',8,NULL,2),(723,'7.50',37,NULL,NULL,NULL,'2010-10-23 00:00:00',9,NULL,2),(724,'5.00',455,NULL,NULL,NULL,'2010-10-23 00:00:00',9,NULL,2),(725,'0.55',55,NULL,NULL,NULL,'2010-10-23 00:00:00',8,NULL,2),(726,'8.50',456,NULL,NULL,NULL,'2010-10-25 00:00:00',5,NULL,2),(727,'0.60',457,NULL,NULL,NULL,'2010-10-25 00:00:00',5,NULL,2),(728,'0.42',458,NULL,NULL,NULL,'2010-10-25 00:00:00',5,NULL,2),(729,'1.05',459,NULL,NULL,NULL,'2010-10-26 00:00:00',5,NULL,2),(730,'7.00',460,NULL,NULL,NULL,'2010-10-26 00:00:00',8,NULL,2),(731,'8.00',461,NULL,NULL,NULL,'2010-10-26 00:00:00',5,NULL,2),(732,'1.00',462,NULL,NULL,NULL,'2010-10-26 00:00:00',5,NULL,2),(733,'1.20',463,NULL,NULL,NULL,'2010-10-26 00:00:00',5,NULL,2),(734,'2.42',47,NULL,NULL,NULL,'2010-10-26 00:00:00',3,NULL,2),(735,'0.60',91,NULL,NULL,NULL,'2010-10-27 00:00:00',5,NULL,2),(736,'8.50',464,NULL,NULL,NULL,'2010-10-27 00:00:00',5,NULL,2),(737,'1.00',376,NULL,NULL,NULL,'2010-10-27 00:00:00',5,NULL,2),(738,'1.30',30,NULL,NULL,NULL,'2010-10-27 00:00:00',5,NULL,2),(739,'2.20',465,NULL,NULL,NULL,'2010-10-27 00:00:00',3,NULL,2),(740,'1.10',466,NULL,NULL,NULL,'2010-10-28 00:00:00',5,NULL,2),(741,'8.70',467,NULL,NULL,NULL,'2010-10-28 00:00:00',5,NULL,2),(742,'1.00',468,NULL,NULL,NULL,'2010-10-28 00:00:00',5,NULL,2),(743,'1.40',469,NULL,NULL,NULL,'2010-10-28 00:00:00',5,NULL,2),(744,'4.00',470,NULL,NULL,NULL,'2010-10-28 00:00:00',5,NULL,2),(745,'0.60',91,NULL,NULL,NULL,'2010-10-29 00:00:00',5,NULL,2),(746,'7.50',49,NULL,NULL,NULL,'2010-10-29 00:00:00',5,NULL,2),(747,'1.90',471,NULL,NULL,NULL,'2010-10-29 00:00:00',5,NULL,2),(748,'0.85',68,NULL,NULL,NULL,'2010-10-29 00:00:00',5,NULL,2),(749,'20.00',472,NULL,NULL,NULL,'2010-10-29 00:00:00',8,NULL,2),(750,'4.00',473,NULL,NULL,NULL,'2010-10-29 00:00:00',7,NULL,2),(751,'2.50',474,NULL,NULL,NULL,'2010-10-30 00:00:00',9,NULL,2),(752,'2.00',475,NULL,NULL,NULL,'2010-10-30 00:00:00',9,NULL,2),(753,'20.00',476,NULL,NULL,NULL,'2010-10-31 00:00:00',9,NULL,2),(754,'20.00',234,NULL,NULL,NULL,'2010-10-31 00:00:00',9,NULL,2),(755,'27.80',477,NULL,NULL,NULL,'2011-02-25 00:00:00',3,NULL,2),(756,'79.90',478,NULL,NULL,NULL,'2011-02-02 00:00:00',10,NULL,2),(757,'120.00',1029,NULL,NULL,NULL,'2011-01-23 00:00:00',7,NULL,2),(758,'0.70',96,NULL,NULL,NULL,'2011-01-17 00:00:00',5,NULL,2),(759,'4.90',480,NULL,NULL,NULL,'2011-01-04 00:00:00',7,NULL,2),(760,'57.64',481,NULL,NULL,NULL,'2010-10-08 00:00:00',3,NULL,2),(761,'31.11',482,NULL,NULL,NULL,'2010-10-30 00:00:00',10,NULL,2),(762,'4.00',483,NULL,NULL,NULL,'2010-10-23 00:00:00',7,NULL,2),(763,'15.54',484,NULL,NULL,NULL,'2010-10-26 00:00:00',7,NULL,2),(764,'200.00',485,NULL,NULL,NULL,'2010-11-13 00:00:00',14,NULL,2),(765,'25.00',486,NULL,NULL,NULL,'2011-02-24 00:00:00',11,NULL,2),(766,'8.30',19,NULL,NULL,NULL,'2011-06-01 00:00:00',5,NULL,2),(767,'79.90',146,NULL,NULL,NULL,'2011-06-02 00:00:00',10,NULL,2),(768,'9.20',19,NULL,NULL,NULL,'2011-06-03 00:00:00',5,NULL,2),(769,'13.00',487,NULL,NULL,NULL,'2011-06-04 00:00:00',9,NULL,2),(770,'15.00',488,NULL,NULL,NULL,'2011-06-05 00:00:00',11,NULL,2),(771,'20.18',489,NULL,NULL,NULL,'2011-06-01 00:00:00',3,NULL,2),(772,'7.50',148,NULL,NULL,NULL,'2011-06-02 00:00:00',5,NULL,2),(773,'13.21',490,NULL,NULL,NULL,'2011-06-05 00:00:00',3,NULL,2),(774,'4.90',491,NULL,NULL,NULL,'2011-06-01 00:00:00',3,NULL,2),(775,'347.00',492,NULL,NULL,NULL,'2011-06-02 00:00:00',14,NULL,2),(776,'3.00',165,NULL,NULL,NULL,'2011-06-01 00:00:00',5,NULL,2),(777,'2.60',493,NULL,NULL,NULL,'2011-06-03 00:00:00',5,NULL,2),(778,'3.00',494,NULL,NULL,NULL,'2011-06-03 00:00:00',7,NULL,2),(779,'2.50',495,NULL,NULL,NULL,'2011-06-03 00:00:00',5,NULL,2),(780,'3.00',496,NULL,NULL,NULL,'2011-06-04 00:00:00',9,NULL,2),(781,'1.80',497,NULL,NULL,NULL,'2011-06-05 00:00:00',7,NULL,2),(782,'1.00',498,NULL,NULL,NULL,'2011-06-06 00:00:00',5,NULL,2),(783,'1.00',499,NULL,NULL,NULL,'2011-06-06 00:00:00',7,NULL,2),(784,'2.10',500,NULL,NULL,NULL,'2011-06-06 00:00:00',5,NULL,2),(785,'6.30',179,NULL,NULL,NULL,'2011-06-06 00:00:00',5,NULL,2),(786,'0.30',501,NULL,NULL,NULL,'2011-06-06 00:00:00',5,NULL,2),(787,'0.80',502,NULL,NULL,NULL,'2011-06-07 00:00:00',5,NULL,2),(788,'1.00',503,NULL,NULL,NULL,'2011-06-08 00:00:00',5,NULL,2),(789,'0.35',504,NULL,NULL,NULL,'2011-06-07 00:00:00',5,NULL,2),(790,'63.05',59,NULL,NULL,NULL,'2011-06-08 00:00:00',10,NULL,2),(791,'4.65',505,NULL,NULL,NULL,'2011-06-07 00:00:00',5,NULL,2),(792,'2.45',162,NULL,NULL,NULL,'2011-06-08 00:00:00',5,NULL,2),(793,'2.50',506,NULL,NULL,NULL,'2011-06-07 00:00:00',5,NULL,2),(794,'8.50',46,NULL,NULL,NULL,'2011-06-08 00:00:00',5,NULL,2),(795,'3.98',507,NULL,NULL,NULL,'2011-06-07 00:00:00',5,NULL,2),(796,'0.65',92,NULL,NULL,NULL,'2011-06-08 00:00:00',5,NULL,2),(797,'142.00',508,NULL,NULL,NULL,'2011-06-06 00:00:00',16,NULL,2),(798,'1.75',76,NULL,NULL,NULL,'2011-06-09 00:00:00',5,NULL,2),(799,'7.50',148,NULL,NULL,NULL,'2011-06-09 00:00:00',5,NULL,2),(800,'1.10',509,NULL,NULL,NULL,'2011-06-09 00:00:00',5,NULL,2),(801,'20.00',510,NULL,NULL,NULL,'2011-06-09 00:00:00',11,NULL,2),(802,'5.90',36,NULL,NULL,NULL,'2011-06-10 00:00:00',8,NULL,2),(803,'0.55',511,NULL,NULL,NULL,'2011-06-10 00:00:00',8,NULL,2),(804,'0.55',511,NULL,NULL,NULL,'2011-06-10 00:00:00',8,NULL,2),(805,'5.65',512,NULL,NULL,NULL,'2011-06-10 00:00:00',8,NULL,2),(806,'9.98',513,NULL,NULL,NULL,'2011-06-10 00:00:00',3,NULL,2),(807,'7.30',514,NULL,NULL,NULL,'2011-06-10 00:00:00',8,NULL,2),(808,'2.00',515,NULL,NULL,NULL,'2011-06-10 00:00:00',8,NULL,2),(809,'1.50',516,NULL,NULL,NULL,'2011-06-10 00:00:00',8,NULL,2),(810,'5.20',517,NULL,NULL,NULL,'2011-06-12 00:00:00',8,NULL,2),(811,'9.80',518,NULL,NULL,NULL,'2011-06-12 00:00:00',8,NULL,2),(812,'10.00',95,NULL,NULL,NULL,'2011-06-13 00:00:00',13,NULL,2),(813,'482.76',519,NULL,NULL,NULL,'2011-03-01 00:00:00',16,NULL,2),(814,'5.15',520,NULL,NULL,NULL,'2011-03-24 00:00:00',7,NULL,2),(815,'546.35',521,NULL,NULL,NULL,'2011-04-16 00:00:00',16,NULL,2),(816,'1.90',522,NULL,NULL,NULL,'2011-05-01 00:00:00',8,NULL,2),(817,'3.70',253,NULL,NULL,NULL,'2011-05-02 00:00:00',5,NULL,2),(818,'7.40',523,NULL,NULL,NULL,'2011-05-01 00:00:00',8,NULL,2),(819,'5.39',155,NULL,NULL,NULL,'2011-05-02 00:00:00',5,NULL,2),(820,'25.42',524,NULL,NULL,NULL,'2011-05-01 00:00:00',3,NULL,2),(821,'0.55',310,NULL,NULL,NULL,'2011-05-02 00:00:00',5,NULL,2),(822,'14.99',525,NULL,NULL,NULL,'2011-05-01 00:00:00',3,NULL,2),(823,'1.00',309,NULL,NULL,NULL,'2011-05-02 00:00:00',5,NULL,2),(824,'14.00',526,NULL,NULL,NULL,'2011-05-01 00:00:00',3,NULL,2),(825,'20.00',527,NULL,NULL,NULL,'2011-05-02 00:00:00',11,NULL,2),(826,'3.55',253,NULL,NULL,NULL,'2011-05-03 00:00:00',5,NULL,2),(827,'63.05',528,NULL,NULL,NULL,'2011-05-04 00:00:00',10,NULL,2),(828,'1.85',218,NULL,NULL,NULL,'2011-05-05 00:00:00',5,NULL,2),(829,'2.65',213,NULL,NULL,NULL,'2011-05-06 00:00:00',5,NULL,2),(830,'80.00',328,NULL,NULL,NULL,'2011-05-07 00:00:00',7,NULL,2),(831,'1.40',529,NULL,NULL,NULL,'2011-05-08 00:00:00',8,NULL,2),(832,'1.00',530,NULL,NULL,NULL,'2011-05-09 00:00:00',5,NULL,2),(833,'1.85',218,NULL,NULL,NULL,'2011-05-10 00:00:00',5,NULL,2),(834,'5.39',155,NULL,NULL,NULL,'2011-05-11 00:00:00',5,NULL,2),(835,'5.39',155,NULL,NULL,NULL,'2011-05-12 00:00:00',5,NULL,2),(836,'1.00',319,NULL,NULL,NULL,'2011-05-13 00:00:00',5,NULL,2),(837,'1.80',531,NULL,NULL,NULL,'2011-05-14 00:00:00',7,NULL,2),(838,'5.00',532,NULL,NULL,NULL,'2011-05-15 00:00:00',8,NULL,2),(839,'1.60',533,NULL,NULL,NULL,'2011-05-16 00:00:00',5,NULL,2),(840,'1.00',44,NULL,NULL,NULL,'2011-05-17 00:00:00',7,NULL,2),(841,'1.60',534,NULL,NULL,NULL,'2011-05-18 00:00:00',7,NULL,2),(842,'79.90',146,NULL,NULL,NULL,'2011-05-03 00:00:00',10,NULL,2),(843,'3.00',253,NULL,NULL,NULL,'2011-05-04 00:00:00',5,NULL,2),(844,'5.39',155,NULL,NULL,NULL,'2011-05-05 00:00:00',5,NULL,2),(845,'5.39',155,NULL,NULL,NULL,'2011-05-06 00:00:00',5,NULL,2),(846,'10.00',535,NULL,NULL,NULL,'2011-05-07 00:00:00',7,NULL,2),(847,'54.00',202,NULL,NULL,NULL,'2011-05-08 00:00:00',10,NULL,2),(848,'5.39',155,NULL,NULL,NULL,'2011-05-09 00:00:00',5,NULL,2),(849,'5.39',155,NULL,NULL,NULL,'2011-05-10 00:00:00',5,NULL,2),(850,'0.55',310,NULL,NULL,NULL,'2011-05-11 00:00:00',5,NULL,2),(851,'0.55',310,NULL,NULL,NULL,'2011-05-12 00:00:00',5,NULL,2),(852,'5.39',155,NULL,NULL,NULL,'2011-05-13 00:00:00',5,NULL,2),(853,'10.00',536,NULL,NULL,NULL,'2011-05-14 00:00:00',9,NULL,2),(854,'5.39',155,NULL,NULL,NULL,'2011-05-16 00:00:00',5,NULL,2),(855,'1.00',537,NULL,NULL,NULL,'2011-05-17 00:00:00',5,NULL,2),(856,'2.30',213,NULL,NULL,NULL,'2011-05-18 00:00:00',5,NULL,2),(857,'5.39',155,NULL,NULL,NULL,'2011-05-03 00:00:00',5,NULL,2),(858,'5.39',155,NULL,NULL,NULL,'2011-05-04 00:00:00',5,NULL,2),(859,'0.55',310,NULL,NULL,NULL,'2011-05-05 00:00:00',5,NULL,2),(860,'0.55',310,NULL,NULL,NULL,'2011-05-06 00:00:00',5,NULL,2),(861,'1.25',538,NULL,NULL,NULL,'2011-05-07 00:00:00',8,NULL,2),(862,'10.99',539,NULL,NULL,NULL,'2011-05-08 00:00:00',3,NULL,2),(863,'0.55',310,NULL,NULL,NULL,'2011-05-09 00:00:00',5,NULL,2),(864,'1.00',309,NULL,NULL,NULL,'2011-05-10 00:00:00',5,NULL,2),(865,'1.00',309,NULL,NULL,NULL,'2011-05-11 00:00:00',5,NULL,2),(866,'1.50',309,NULL,NULL,NULL,'2011-05-12 00:00:00',5,NULL,2),(867,'0.55',310,NULL,NULL,NULL,'2011-05-13 00:00:00',5,NULL,2),(868,'15.00',540,NULL,NULL,NULL,'2011-05-14 00:00:00',9,NULL,2),(869,'1.50',211,NULL,NULL,NULL,'2011-05-16 00:00:00',5,NULL,2),(870,'5.39',155,NULL,NULL,NULL,'2011-05-17 00:00:00',5,NULL,2),(871,'5.39',155,NULL,NULL,NULL,'2011-05-18 00:00:00',5,NULL,2),(872,'0.55',310,NULL,NULL,NULL,'2011-05-03 00:00:00',5,NULL,2),(873,'0.55',310,NULL,NULL,NULL,'2011-05-04 00:00:00',5,NULL,2),(874,'1.00',309,NULL,NULL,NULL,'2011-05-05 00:00:00',5,NULL,2),(875,'10.00',541,NULL,NULL,NULL,'2011-05-06 00:00:00',7,NULL,2),(876,'14.00',542,NULL,NULL,NULL,'2011-05-07 00:00:00',9,NULL,2),(877,'1.30',309,NULL,NULL,NULL,'2011-05-09 00:00:00',5,NULL,2),(878,'17.40',543,NULL,NULL,NULL,'2011-05-12 00:00:00',8,NULL,2),(879,'1.64',544,NULL,NULL,NULL,'2011-05-13 00:00:00',5,NULL,2),(880,'4.90',325,NULL,NULL,NULL,'2011-05-16 00:00:00',8,NULL,2),(881,'0.55',310,NULL,NULL,NULL,'2011-05-17 00:00:00',5,NULL,2),(882,'0.55',310,NULL,NULL,NULL,'2011-05-18 00:00:00',5,NULL,2),(883,'0.90',309,NULL,NULL,NULL,'2011-05-03 00:00:00',5,NULL,2),(884,'4.70',545,NULL,NULL,NULL,'2011-05-04 00:00:00',5,NULL,2),(885,'6.15',546,NULL,NULL,NULL,'2011-05-06 00:00:00',8,NULL,2),(886,'21.00',547,NULL,NULL,NULL,'2011-05-07 00:00:00',9,NULL,2),(887,'1.60',548,NULL,NULL,NULL,'2011-05-09 00:00:00',5,NULL,2),(888,'20.02',549,NULL,NULL,NULL,'2011-05-13 00:00:00',11,NULL,2),(889,'4.00',550,NULL,NULL,NULL,'2011-05-16 00:00:00',8,NULL,2),(890,'1.50',211,NULL,NULL,NULL,'2011-05-17 00:00:00',5,NULL,2),(891,'1.50',309,NULL,NULL,NULL,'2011-05-18 00:00:00',5,NULL,2),(892,'4.00',551,NULL,NULL,NULL,'2011-05-06 00:00:00',8,NULL,2),(893,'0.55',208,NULL,NULL,NULL,'2011-05-13 00:00:00',9,NULL,2),(894,'1.80',531,NULL,NULL,NULL,'2011-05-17 00:00:00',7,NULL,2),(895,'5.70',325,NULL,NULL,NULL,'2011-05-18 00:00:00',8,NULL,2),(896,'10.00',536,NULL,NULL,NULL,'2011-05-13 00:00:00',9,NULL,2),(897,'20.00',540,NULL,NULL,NULL,'2011-05-13 00:00:00',9,NULL,2),(898,'10.00',95,NULL,NULL,NULL,'2011-05-19 00:00:00',13,NULL,2),(899,'1.90',253,NULL,NULL,NULL,'2011-05-20 00:00:00',5,NULL,2),(900,'5.50',552,NULL,NULL,NULL,'2011-05-21 00:00:00',8,NULL,2),(901,'1.80',531,NULL,NULL,NULL,'2011-05-22 00:00:00',7,NULL,2),(902,'1.60',534,NULL,NULL,NULL,'2011-05-23 00:00:00',7,NULL,2),(903,'1.60',534,NULL,NULL,NULL,'2011-05-24 00:00:00',7,NULL,2),(904,'2.65',213,NULL,NULL,NULL,'2011-05-25 00:00:00',5,NULL,2),(905,'5.39',155,NULL,NULL,NULL,'2011-05-26 00:00:00',5,NULL,2),(906,'2.65',218,NULL,NULL,NULL,'2011-05-27 00:00:00',5,NULL,2),(907,'3.41',553,NULL,NULL,NULL,'2011-05-30 00:00:00',5,NULL,2),(908,'2.50',213,NULL,NULL,NULL,'2011-05-31 00:00:00',5,NULL,2),(909,'5.39',155,NULL,NULL,NULL,'2011-05-19 00:00:00',5,NULL,2),(910,'5.39',155,NULL,NULL,NULL,'2011-05-20 00:00:00',5,NULL,2),(911,'1.33',554,NULL,NULL,NULL,'2011-05-21 00:00:00',8,NULL,2),(912,'20.00',555,NULL,NULL,NULL,'2011-05-22 00:00:00',11,NULL,2),(913,'5.39',155,NULL,NULL,NULL,'2011-05-23 00:00:00',5,NULL,2),(914,'1.00',319,NULL,NULL,NULL,'2011-05-24 00:00:00',5,NULL,2),(915,'5.39',155,NULL,NULL,NULL,'2011-05-25 00:00:00',5,NULL,2),(916,'0.05',556,NULL,NULL,NULL,'2011-05-26 00:00:00',5,NULL,2),(917,'5.39',155,NULL,NULL,NULL,'2011-05-27 00:00:00',5,NULL,2),(918,'5.39',155,NULL,NULL,NULL,'2011-05-30 00:00:00',5,NULL,2),(919,'6.75',557,NULL,NULL,NULL,'2011-05-31 00:00:00',5,NULL,2),(920,'0.55',310,NULL,NULL,NULL,'2011-05-19 00:00:00',5,NULL,2),(921,'0.55',310,NULL,NULL,NULL,'2011-05-20 00:00:00',5,NULL,2),(922,'0.55',158,NULL,NULL,NULL,'2011-05-21 00:00:00',8,NULL,2),(923,'10.00',263,NULL,NULL,NULL,'2011-05-22 00:00:00',7,NULL,2),(924,'0.55',310,NULL,NULL,NULL,'2011-05-23 00:00:00',5,NULL,2),(925,'5.39',155,NULL,NULL,NULL,'2011-05-24 00:00:00',5,NULL,2),(926,'0.55',310,NULL,NULL,NULL,'2011-05-25 00:00:00',5,NULL,2),(927,'1.50',309,NULL,NULL,NULL,'2011-05-26 00:00:00',5,NULL,2),(928,'0.55',310,NULL,NULL,NULL,'2011-05-27 00:00:00',5,NULL,2),(929,'0.55',310,NULL,NULL,NULL,'2011-05-30 00:00:00',5,NULL,2),(930,'0.65',13,NULL,NULL,NULL,'2011-05-31 00:00:00',5,NULL,2),(931,'1.30',309,NULL,NULL,NULL,'2011-05-19 00:00:00',5,NULL,2),(932,'1.20',309,NULL,NULL,NULL,'2011-05-20 00:00:00',5,NULL,2),(933,'5.00',558,NULL,NULL,NULL,'2011-05-21 00:00:00',8,NULL,2),(934,'1.00',309,NULL,NULL,NULL,'2011-05-23 00:00:00',5,NULL,2),(935,'0.55',310,NULL,NULL,NULL,'2011-05-24 00:00:00',5,NULL,2),(936,'1.00',309,NULL,NULL,NULL,'2011-05-25 00:00:00',5,NULL,2),(937,'0.90',309,NULL,NULL,NULL,'2011-05-27 00:00:00',5,NULL,2),(938,'1.00',309,NULL,NULL,NULL,'2011-05-30 00:00:00',5,NULL,2),(939,'9.50',559,NULL,NULL,NULL,'2011-05-31 00:00:00',8,NULL,2),(940,'1.80',531,NULL,NULL,NULL,'2011-05-19 00:00:00',7,NULL,2),(941,'9.40',560,NULL,NULL,NULL,'2011-05-21 00:00:00',8,NULL,2),(942,'0.90',309,NULL,NULL,NULL,'2011-05-24 00:00:00',5,NULL,2),(943,'9.90',561,NULL,NULL,NULL,'2011-05-25 00:00:00',8,NULL,2),(944,'2.15',562,NULL,NULL,NULL,'2011-05-27 00:00:00',9,NULL,2),(945,'168.34',133,NULL,NULL,NULL,'2011-05-30 00:00:00',15,NULL,2),(946,'1.80',531,NULL,NULL,NULL,'2011-05-24 00:00:00',7,NULL,2),(947,'10.00',563,NULL,NULL,NULL,'2011-05-27 00:00:00',9,NULL,2),(948,'0.55',564,NULL,NULL,NULL,'2011-05-30 00:00:00',7,NULL,2),(949,'14.40',565,NULL,NULL,NULL,'2011-05-27 00:00:00',9,NULL,2),(950,'9.00',566,NULL,NULL,NULL,'2011-05-27 00:00:00',9,NULL,2),(951,'2.20',36,NULL,NULL,NULL,'2011-05-27 00:00:00',9,NULL,2),(952,'2.45',76,NULL,NULL,NULL,'2011-06-14 00:00:00',5,NULL,2),(953,'1.50',567,NULL,NULL,NULL,'2011-06-15 00:00:00',5,NULL,2),(954,'1.00',44,NULL,NULL,NULL,'2011-06-16 00:00:00',7,NULL,2),(955,'6.30',46,NULL,NULL,NULL,'2011-06-17 00:00:00',5,NULL,2),(956,'0.55',158,NULL,NULL,NULL,'2011-06-13 00:00:00',7,NULL,2),(957,'0.00',568,NULL,NULL,NULL,'2011-06-14 00:00:00',5,NULL,2),(958,'0.00',568,NULL,NULL,NULL,'2011-06-15 00:00:00',5,NULL,2),(959,'1.00',569,NULL,NULL,NULL,'2011-06-16 00:00:00',5,NULL,2),(960,'0.65',92,NULL,NULL,NULL,'2011-06-17 00:00:00',5,NULL,2),(961,'20.00',570,NULL,NULL,NULL,'2011-06-13 00:00:00',11,NULL,2),(962,'0.65',92,NULL,NULL,NULL,'2011-06-14 00:00:00',5,NULL,2),(963,'0.65',13,NULL,NULL,NULL,'2011-06-15 00:00:00',5,NULL,2),(964,'7.50',148,NULL,NULL,NULL,'2011-06-16 00:00:00',5,NULL,2),(965,'0.80',502,NULL,NULL,NULL,'2011-06-17 00:00:00',5,NULL,2),(966,'0.84',571,NULL,NULL,NULL,'2011-06-14 00:00:00',7,NULL,2),(967,'1.30',572,NULL,NULL,NULL,'2011-06-15 00:00:00',5,NULL,2),(968,'1.30',572,NULL,NULL,NULL,'2011-06-16 00:00:00',5,NULL,2),(969,'0.35',504,NULL,NULL,NULL,'2011-06-17 00:00:00',5,NULL,2),(970,'7.90',573,NULL,NULL,NULL,'2011-06-14 00:00:00',8,NULL,2),(971,'2.75',574,NULL,NULL,NULL,'2011-06-15 00:00:00',8,NULL,2),(972,'6.80',575,NULL,NULL,NULL,'2011-06-16 00:00:00',8,NULL,2),(973,'52.84',576,NULL,NULL,NULL,'2011-06-18 00:00:00',17,NULL,2),(974,'4.19',577,NULL,NULL,NULL,'2011-06-18 00:00:00',7,NULL,2),(975,'149.90',578,NULL,NULL,NULL,'2011-06-18 00:00:00',3,NULL,2),(976,'0.85',579,NULL,NULL,NULL,'2011-06-18 00:00:00',5,NULL,2),(977,'30.95',580,NULL,NULL,NULL,'2011-06-18 00:00:00',3,NULL,2),(978,'13.50',581,NULL,NULL,NULL,'2011-06-18 00:00:00',3,NULL,2),(979,'10.00',582,NULL,NULL,NULL,'2011-06-18 00:00:00',11,NULL,2),(980,'6.00',583,NULL,NULL,NULL,'2011-06-18 00:00:00',9,NULL,2),(981,'1.80',531,NULL,NULL,NULL,'2011-06-19 00:00:00',7,NULL,2),(982,'3.35',76,NULL,NULL,NULL,'2011-06-20 00:00:00',5,NULL,2),(983,'0.65',13,NULL,NULL,NULL,'2011-06-20 00:00:00',5,NULL,2),(984,'1.30',379,NULL,NULL,NULL,'2011-06-20 00:00:00',5,NULL,2),(985,'5.95',584,NULL,NULL,NULL,'2011-06-20 00:00:00',8,NULL,2),(986,'0.55',511,NULL,NULL,NULL,'2011-05-14 00:00:00',9,NULL,2),(987,'0.55',511,NULL,NULL,NULL,'2011-05-14 00:00:00',9,NULL,2),(988,'15.00',585,NULL,NULL,NULL,'2011-05-30 00:00:00',11,NULL,2),(989,'48.28',586,NULL,NULL,NULL,'2011-05-10 00:00:00',16,NULL,2),(990,'0.35',587,NULL,NULL,NULL,'2011-06-21 00:00:00',5,NULL,2),(991,'3.10',162,NULL,NULL,NULL,'2011-06-22 00:00:00',5,NULL,2),(992,'0.65',60,NULL,NULL,NULL,'2011-06-21 00:00:00',5,NULL,2),(993,'0.65',13,NULL,NULL,NULL,'2011-06-22 00:00:00',5,NULL,2),(994,'2.50',588,NULL,NULL,NULL,'2011-06-21 00:00:00',5,NULL,2),(995,'2.50',589,NULL,NULL,NULL,'2011-06-22 00:00:00',5,NULL,2),(996,'2.10',590,NULL,NULL,NULL,'2011-06-21 00:00:00',5,NULL,2),(997,'15.00',591,NULL,NULL,NULL,'2011-06-22 00:00:00',11,NULL,2),(998,'1.25',592,NULL,NULL,NULL,'2011-06-20 00:00:00',8,NULL,2),(999,'5.50',593,NULL,NULL,NULL,'2011-06-22 00:00:00',9,NULL,2),(1000,'3.00',162,NULL,NULL,NULL,'2011-06-24 00:00:00',5,NULL,2),(1001,'7.00',594,NULL,NULL,NULL,'2011-06-24 00:00:00',5,NULL,2),(1002,'0.65',13,NULL,NULL,NULL,'2011-06-24 00:00:00',5,NULL,2),(1003,'2.50',588,NULL,NULL,NULL,'2011-06-24 00:00:00',5,NULL,2),(1004,'2.00',595,NULL,NULL,NULL,'2011-06-25 00:00:00',8,NULL,2),(1005,'10.00',596,NULL,NULL,NULL,'2011-06-26 00:00:00',11,NULL,2),(1006,'3.35',162,NULL,NULL,NULL,'2011-06-27 00:00:00',5,NULL,2),(1007,'1.20',597,NULL,NULL,NULL,'2011-06-28 00:00:00',5,NULL,2),(1008,'1.70',598,NULL,NULL,NULL,'2011-06-29 00:00:00',5,NULL,2),(1009,'1.10',599,NULL,NULL,NULL,'2011-06-30 00:00:00',5,NULL,2),(1010,'4.20',600,NULL,NULL,NULL,'2011-06-25 00:00:00',8,NULL,2),(1011,'0.65',92,NULL,NULL,NULL,'2011-06-27 00:00:00',5,NULL,2),(1012,'0.65',92,NULL,NULL,NULL,'2011-06-28 00:00:00',5,NULL,2),(1013,'0.65',92,NULL,NULL,NULL,'2011-06-29 00:00:00',5,NULL,2),(1014,'0.35',501,NULL,NULL,NULL,'2011-06-30 00:00:00',5,NULL,2),(1015,'4.50',601,NULL,NULL,NULL,'2011-06-25 00:00:00',9,NULL,2),(1016,'2.50',602,NULL,NULL,NULL,'2011-06-27 00:00:00',5,NULL,2),(1017,'1.00',603,NULL,NULL,NULL,'2011-06-28 00:00:00',5,NULL,2),(1018,'1.60',604,NULL,NULL,NULL,'2011-06-29 00:00:00',5,NULL,2),(1019,'0.65',92,NULL,NULL,NULL,'2011-06-30 00:00:00',5,NULL,2),(1020,'5.00',605,NULL,NULL,NULL,'2011-06-25 00:00:00',9,NULL,2),(1021,'1.00',606,NULL,NULL,NULL,'2011-06-28 00:00:00',7,NULL,2),(1022,'5.00',545,NULL,NULL,NULL,'2011-06-29 00:00:00',8,NULL,2),(1023,'1.00',603,NULL,NULL,NULL,'2011-06-30 00:00:00',5,NULL,2),(1024,'0.55',153,NULL,NULL,NULL,'2011-06-24 00:00:00',9,NULL,2),(1025,'0.50',607,NULL,NULL,NULL,'2011-06-24 00:00:00',9,NULL,2),(1026,'3.50',608,NULL,NULL,NULL,'2011-06-24 00:00:00',9,NULL,2),(1027,'5.00',609,NULL,NULL,NULL,'2011-06-24 00:00:00',9,NULL,2),(1028,'3.00',610,NULL,NULL,NULL,'2011-06-24 00:00:00',9,NULL,2),(1029,'2.00',611,NULL,NULL,NULL,'2011-06-24 00:00:00',9,NULL,2),(1030,'0.80',599,NULL,NULL,NULL,'2011-07-01 00:00:00',5,NULL,2),(1031,'0.35',612,NULL,NULL,NULL,'2011-07-01 00:00:00',5,NULL,2),(1032,'6.30',613,NULL,NULL,NULL,'2011-07-01 00:00:00',5,NULL,2),(1033,'0.65',13,NULL,NULL,NULL,'2011-07-01 00:00:00',5,NULL,2),(1034,'15.00',614,NULL,NULL,NULL,'2011-07-01 00:00:00',11,NULL,2),(1035,'5.00',615,NULL,NULL,NULL,'2011-07-01 00:00:00',9,NULL,2),(1036,'5.50',616,NULL,NULL,NULL,'2011-06-22 00:00:00',7,NULL,2),(1037,'2.65',617,NULL,NULL,NULL,'2011-07-02 00:00:00',7,NULL,2),(1038,'3.30',618,NULL,NULL,NULL,'2011-07-03 00:00:00',8,NULL,2),(1039,'1.00',619,NULL,NULL,NULL,'2011-07-02 00:00:00',8,NULL,2),(1040,'63.05',59,NULL,NULL,NULL,'2011-07-03 00:00:00',10,NULL,2),(1041,'2.10',162,NULL,NULL,NULL,'2011-07-04 00:00:00',5,NULL,2),(1042,'1.10',620,NULL,NULL,NULL,'2011-07-05 00:00:00',5,NULL,2),(1043,'1.45',621,NULL,NULL,NULL,'2011-07-06 00:00:00',5,NULL,2),(1044,'3.35',181,NULL,NULL,NULL,'2011-07-07 00:00:00',5,NULL,2),(1045,'0.80',599,NULL,NULL,NULL,'2011-07-08 00:00:00',5,NULL,2),(1046,'20.00',622,NULL,NULL,NULL,'2011-07-09 00:00:00',7,NULL,2),(1047,'848.49',623,NULL,NULL,NULL,'2011-07-10 00:00:00',16,NULL,2),(1048,'0.35',501,NULL,NULL,NULL,'2011-07-04 00:00:00',5,NULL,2),(1049,'0.65',92,NULL,NULL,NULL,'2011-07-05 00:00:00',5,NULL,2),(1050,'0.65',92,NULL,NULL,NULL,'2011-07-06 00:00:00',5,NULL,2),(1051,'5.10',624,NULL,NULL,NULL,'2011-07-07 00:00:00',5,NULL,2),(1052,'0.65',625,NULL,NULL,NULL,'2011-07-08 00:00:00',5,NULL,2),(1053,'1.80',531,NULL,NULL,NULL,'2011-07-09 00:00:00',7,NULL,2),(1054,'0.35',626,NULL,NULL,NULL,'2011-07-04 00:00:00',5,NULL,2),(1055,'1.73',627,NULL,NULL,NULL,'2011-07-05 00:00:00',5,NULL,2),(1056,'1.00',628,NULL,NULL,NULL,'2011-07-06 00:00:00',5,NULL,2),(1057,'0.65',92,NULL,NULL,NULL,'2011-07-07 00:00:00',5,NULL,2),(1058,'7.45',182,NULL,NULL,NULL,'2011-07-08 00:00:00',5,NULL,2),(1059,'15.00',629,NULL,NULL,NULL,'2011-07-09 00:00:00',9,NULL,2),(1060,'2.50',602,NULL,NULL,NULL,'2011-07-04 00:00:00',5,NULL,2),(1061,'1.00',628,NULL,NULL,NULL,'2011-07-05 00:00:00',5,NULL,2),(1062,'54.00',202,NULL,NULL,NULL,'2011-07-06 00:00:00',10,NULL,2),(1063,'0.65',92,NULL,NULL,NULL,'2011-07-08 00:00:00',5,NULL,2),(1064,'15.00',630,NULL,NULL,NULL,'2011-07-09 00:00:00',11,NULL,2),(1065,'79.90',478,NULL,NULL,NULL,'2011-07-04 00:00:00',10,NULL,2),(1066,'2.50',588,NULL,NULL,NULL,'2011-07-08 00:00:00',5,NULL,2),(1067,'1.00',631,NULL,NULL,NULL,'2011-07-09 00:00:00',9,NULL,2),(1068,'0.80',599,NULL,NULL,NULL,'2011-07-11 00:00:00',5,NULL,2),(1069,'1.65',632,NULL,NULL,NULL,'2011-07-12 00:00:00',5,NULL,2),(1070,'0.80',599,NULL,NULL,NULL,'2011-07-13 00:00:00',5,NULL,2),(1071,'0.35',501,NULL,NULL,NULL,'2011-07-11 00:00:00',5,NULL,2),(1072,'0.35',633,NULL,NULL,NULL,'2011-07-12 00:00:00',5,NULL,2),(1073,'0.35',501,NULL,NULL,NULL,'2011-07-13 00:00:00',5,NULL,2),(1074,'0.65',92,NULL,NULL,NULL,'2011-07-11 00:00:00',5,NULL,2),(1075,'0.35',634,NULL,NULL,NULL,'2011-07-12 00:00:00',5,NULL,2),(1076,'0.35',626,NULL,NULL,NULL,'2011-07-13 00:00:00',5,NULL,2),(1077,'5.00',635,NULL,NULL,NULL,'2011-07-12 00:00:00',8,NULL,2),(1078,'0.35',625,NULL,NULL,NULL,'2011-07-20 00:00:00',5,NULL,2),(1079,'0.35',625,NULL,NULL,NULL,'2011-07-21 00:00:00',5,NULL,2),(1080,'0.80',599,NULL,NULL,NULL,'2011-07-22 00:00:00',5,NULL,2),(1081,'0.55',511,NULL,NULL,NULL,'2011-07-23 00:00:00',8,NULL,2),(1082,'10.00',95,NULL,NULL,NULL,'2011-07-14 00:00:00',13,NULL,2),(1083,'0.80',599,NULL,NULL,NULL,'2011-07-20 00:00:00',5,NULL,2),(1084,'1.05',636,NULL,NULL,NULL,'2011-07-21 00:00:00',5,NULL,2),(1085,'2.50',602,NULL,NULL,NULL,'2011-07-13 00:00:00',5,NULL,2),(1086,'90.00',637,NULL,NULL,NULL,'2011-07-12 00:00:00',18,NULL,2),(1087,'1.40',638,NULL,NULL,NULL,'2011-07-14 00:00:00',18,NULL,2),(1088,'2.00',639,NULL,NULL,NULL,'2011-07-15 00:00:00',9,NULL,2),(1089,'15.00',640,NULL,NULL,NULL,'2011-07-14 00:00:00',18,NULL,2),(1090,'3.45',641,NULL,NULL,NULL,'2011-07-16 00:00:00',18,NULL,2),(1091,'15.00',642,NULL,NULL,NULL,'2011-07-17 00:00:00',11,NULL,2),(1092,'1.80',531,NULL,NULL,NULL,'2011-07-18 00:00:00',7,NULL,2),(1093,'15.48',643,NULL,NULL,NULL,'2011-07-19 00:00:00',3,NULL,2),(1094,'2.00',644,NULL,NULL,NULL,'2011-07-16 00:00:00',18,NULL,2),(1095,'29.95',645,NULL,NULL,NULL,'2011-07-17 00:00:00',3,NULL,2),(1096,'9.38',646,NULL,NULL,NULL,'2011-07-18 00:00:00',8,NULL,2),(1097,'33.30',647,NULL,NULL,NULL,'2011-07-19 00:00:00',8,NULL,2),(1098,'15.00',648,NULL,NULL,NULL,'2011-07-16 00:00:00',18,NULL,2),(1099,'1.90',369,NULL,NULL,NULL,'2011-07-17 00:00:00',8,NULL,2),(1100,'0.35',501,NULL,NULL,NULL,'2011-07-22 00:00:00',5,NULL,2),(1101,'0.55',511,NULL,NULL,NULL,'2011-07-23 00:00:00',8,NULL,2),(1102,'5.95',192,NULL,NULL,NULL,'2011-07-20 00:00:00',5,NULL,2),(1103,'0.35',501,NULL,NULL,NULL,'2011-07-21 00:00:00',5,NULL,2),(1104,'0.65',13,NULL,NULL,NULL,'2011-07-22 00:00:00',5,NULL,2),(1105,'0.65',501,NULL,NULL,NULL,'2011-07-20 00:00:00',5,NULL,2),(1106,'0.35',501,NULL,NULL,NULL,'2011-07-22 00:00:00',5,NULL,2),(1107,'0.80',649,NULL,NULL,NULL,'2011-07-20 00:00:00',5,NULL,2),(1108,'1.00',650,NULL,NULL,NULL,'2011-07-22 00:00:00',5,NULL,2),(1109,'0.35',501,NULL,NULL,NULL,'2011-07-20 00:00:00',5,NULL,2),(1110,'15.00',651,NULL,NULL,NULL,'2011-07-22 00:00:00',11,NULL,2),(1111,'5.30',652,NULL,NULL,NULL,'2011-07-22 00:00:00',8,NULL,2),(1112,'1.90',653,NULL,NULL,NULL,'2011-07-22 00:00:00',8,NULL,2),(1113,'5.10',654,NULL,NULL,NULL,'2011-07-22 00:00:00',8,NULL,2),(1114,'0.00',655,NULL,NULL,NULL,'2011-07-24 00:00:00',2,NULL,2),(1115,'0.90',656,NULL,NULL,NULL,'2011-07-25 00:00:00',5,NULL,2),(1116,'0.35',657,NULL,NULL,NULL,'2011-07-25 00:00:00',5,NULL,2),(1117,'0.65',92,NULL,NULL,NULL,'2011-07-25 00:00:00',5,NULL,2),(1118,'0.35',501,NULL,NULL,NULL,'2011-07-25 00:00:00',5,NULL,2),(1119,'348.04',658,NULL,NULL,NULL,'2011-07-25 00:00:00',16,NULL,2),(1120,'25.66',659,NULL,NULL,NULL,'2011-07-22 00:00:00',16,NULL,2),(1121,'8.95',660,NULL,NULL,NULL,'2011-09-30 00:00:00',5,NULL,2),(1122,'1.90',162,NULL,NULL,NULL,'2011-09-20 00:00:00',5,NULL,2),(1123,'1.80',661,NULL,NULL,NULL,'2011-09-30 00:00:00',5,NULL,2),(1124,'6.30',662,NULL,NULL,NULL,'2011-10-09 00:00:00',8,NULL,2),(1125,'1.12',663,NULL,NULL,NULL,'2011-10-12 00:00:00',5,NULL,2),(1126,'8.10',664,NULL,NULL,NULL,'2011-10-13 00:00:00',5,NULL,2),(1127,'8.85',613,NULL,NULL,NULL,'2011-10-14 00:00:00',5,NULL,2),(1128,'7.75',660,NULL,NULL,NULL,'2011-10-17 00:00:00',5,NULL,2),(1129,'20.00',665,NULL,NULL,NULL,'2011-09-29 00:00:00',11,NULL,2),(1130,'7.85',664,NULL,NULL,NULL,'2011-09-19 00:00:00',5,NULL,2),(1131,'1.85',162,NULL,NULL,NULL,'2011-09-21 00:00:00',5,NULL,2),(1132,'9.00',26,NULL,NULL,NULL,'2011-09-23 00:00:00',5,NULL,2),(1133,'4.70',666,NULL,NULL,NULL,'2011-09-24 00:00:00',8,NULL,2),(1134,'3.77',667,NULL,NULL,NULL,'2011-09-25 00:00:00',8,NULL,2),(1135,'8.50',46,NULL,NULL,NULL,'2011-09-26 00:00:00',5,NULL,2),(1136,'1.70',668,NULL,NULL,NULL,'2011-09-27 00:00:00',5,NULL,2),(1137,'4.00',669,NULL,NULL,NULL,'2011-09-20 00:00:00',8,NULL,2),(1138,'13.00',670,NULL,NULL,NULL,'2011-09-23 00:00:00',8,NULL,2),(1139,'2.80',671,NULL,NULL,NULL,'2011-09-24 00:00:00',8,NULL,2),(1140,'0.60',672,NULL,NULL,NULL,'2011-09-29 00:00:00',5,NULL,2),(1141,'13.49',673,NULL,NULL,NULL,'2011-09-24 00:00:00',8,NULL,2),(1142,'8.20',613,NULL,NULL,NULL,'2011-09-29 00:00:00',5,NULL,2),(1143,'1.25',511,NULL,NULL,NULL,'2011-09-24 00:00:00',8,NULL,2),(1144,'0.55',158,NULL,NULL,NULL,'2011-09-24 00:00:00',8,NULL,2),(1145,'13.00',674,NULL,NULL,NULL,'2011-10-01 00:00:00',8,NULL,2),(1146,'5.00',675,NULL,NULL,NULL,'2011-10-03 00:00:00',3,NULL,2),(1147,'8.93',676,NULL,NULL,NULL,'2011-10-04 00:00:00',5,NULL,2),(1148,'6.30',613,NULL,NULL,NULL,'2011-10-06 00:00:00',5,NULL,2),(1149,'8.70',19,NULL,NULL,NULL,'2011-10-07 00:00:00',5,NULL,2),(1150,'7.75',677,NULL,NULL,NULL,'2011-10-08 00:00:00',8,NULL,2),(1151,'7.85',664,NULL,NULL,NULL,'2011-09-28 00:00:00',5,NULL,2),(1152,'6.25',678,NULL,NULL,NULL,'2011-09-21 00:00:00',5,NULL,2),(1153,'16.00',679,NULL,NULL,NULL,'2011-09-25 00:00:00',8,NULL,2),(1154,'5.85',613,NULL,NULL,NULL,'2011-09-27 00:00:00',5,NULL,2),(1155,'6.30',613,NULL,NULL,NULL,'2011-09-20 00:00:00',5,NULL,2),(1156,'7.10',680,NULL,NULL,NULL,'2011-09-29 00:00:00',8,NULL,2),(1157,'15.00',681,NULL,NULL,NULL,'2011-09-24 00:00:00',11,NULL,2),(1158,'8.50',613,NULL,NULL,NULL,'2011-11-08 00:00:00',5,NULL,2),(1159,'10.55',682,NULL,NULL,NULL,'2011-11-10 00:00:00',8,NULL,2),(1160,'2.50',683,NULL,NULL,NULL,'2011-09-30 00:00:00',8,NULL,2),(1161,'0.55',55,NULL,NULL,NULL,'2011-10-05 00:00:00',8,NULL,2),(1162,'8.50',613,NULL,NULL,NULL,'2011-10-10 00:00:00',5,NULL,2),(1163,'9.15',613,NULL,NULL,NULL,'2011-10-18 00:00:00',5,NULL,2),(1164,'2.20',684,NULL,NULL,NULL,'2011-10-24 00:00:00',5,NULL,2),(1165,'2.35',685,NULL,NULL,NULL,'2011-10-04 00:00:00',5,NULL,2),(1166,'0.55',55,NULL,NULL,NULL,'2011-10-05 00:00:00',8,NULL,2),(1167,'11.66',686,NULL,NULL,NULL,'2011-10-07 00:00:00',8,NULL,2),(1168,'2.20',684,NULL,NULL,NULL,'2011-10-09 00:00:00',5,NULL,2),(1169,'20.00',687,NULL,NULL,NULL,'2011-10-10 00:00:00',11,NULL,2),(1170,'8.20',613,NULL,NULL,NULL,'2011-10-19 00:00:00',5,NULL,2),(1171,'1.10',668,NULL,NULL,NULL,'2011-10-20 00:00:00',5,NULL,2),(1172,'8.95',660,NULL,NULL,NULL,'2011-10-12 00:00:00',5,NULL,2),(1173,'2.85',162,NULL,NULL,NULL,'2011-10-14 00:00:00',5,NULL,2),(1174,'1.70',84,NULL,NULL,NULL,'2011-10-23 00:00:00',8,NULL,2),(1175,'11.40',26,NULL,NULL,NULL,'2011-10-21 00:00:00',5,NULL,2),(1176,'8.45',660,NULL,NULL,NULL,'2011-11-03 00:00:00',5,NULL,2),(1177,'5.70',688,NULL,NULL,NULL,'2011-10-03 00:00:00',5,NULL,2),(1178,'6.25',689,NULL,NULL,NULL,'2011-10-20 00:00:00',5,NULL,2),(1179,'20.00',690,NULL,NULL,NULL,'2011-10-23 00:00:00',11,NULL,2),(1180,'7.90',691,NULL,NULL,NULL,'2011-10-03 00:00:00',3,NULL,2),(1181,'0.55',511,NULL,NULL,NULL,'2011-10-23 00:00:00',8,NULL,2),(1182,'1.09',663,NULL,NULL,NULL,'2011-10-03 00:00:00',5,NULL,2),(1183,'0.65',692,NULL,NULL,NULL,'2011-11-02 00:00:00',5,NULL,2),(1184,'6.05',693,NULL,NULL,NULL,'2011-11-05 00:00:00',2,NULL,2),(1185,'20.00',694,NULL,NULL,NULL,'2011-11-06 00:00:00',11,NULL,2),(1186,'8.95',613,NULL,NULL,NULL,'2011-11-02 00:00:00',5,NULL,2),(1187,'9.50',26,NULL,NULL,NULL,'2011-10-28 00:00:00',5,NULL,2),(1188,'0.55',511,NULL,NULL,NULL,'2011-10-30 00:00:00',8,NULL,2),(1189,'4.78',695,NULL,NULL,NULL,'2011-10-31 00:00:00',8,NULL,2),(1190,'1.70',668,NULL,NULL,NULL,'2011-10-28 00:00:00',5,NULL,2),(1191,'0.55',511,NULL,NULL,NULL,'2011-10-30 00:00:00',8,NULL,2),(1192,'1.50',696,NULL,NULL,NULL,'2011-10-31 00:00:00',8,NULL,2),(1193,'3.20',697,NULL,NULL,NULL,'2011-10-30 00:00:00',8,NULL,2),(1194,'7.82',698,NULL,NULL,NULL,'2011-10-31 00:00:00',8,NULL,2),(1195,'3.60',81,NULL,NULL,NULL,'2011-11-07 00:00:00',5,NULL,2),(1196,'12.90',699,NULL,NULL,NULL,'2011-11-06 00:00:00',8,NULL,2),(1197,'8.78',676,NULL,NULL,NULL,'2011-11-10 00:00:00',5,NULL,2),(1198,'0.55',511,NULL,NULL,NULL,'2011-11-06 00:00:00',8,NULL,2),(1199,'8.93',676,NULL,NULL,NULL,'2011-10-25 00:00:00',5,NULL,2),(1200,'8.50',46,NULL,NULL,NULL,'2011-10-26 00:00:00',5,NULL,2),(1201,'7.75',660,NULL,NULL,NULL,'2011-10-27 00:00:00',5,NULL,2),(1202,'6.25',700,NULL,NULL,NULL,'2011-10-27 00:00:00',7,NULL,2),(1203,'28.00',701,NULL,NULL,NULL,'2011-10-28 00:00:00',8,NULL,2),(1204,'30.00',702,NULL,NULL,NULL,'2011-10-30 00:00:00',11,NULL,2),(1205,'0.55',511,NULL,NULL,NULL,'2011-10-31 00:00:00',8,NULL,2),(1206,'15.00',703,NULL,NULL,NULL,'2011-10-31 00:00:00',7,NULL,2),(1207,'8.95',613,NULL,NULL,NULL,'2011-11-04 00:00:00',5,NULL,2),(1208,'0.65',692,NULL,NULL,NULL,'2011-11-04 00:00:00',5,NULL,2),(1209,'2.25',668,NULL,NULL,NULL,'2011-11-04 00:00:00',5,NULL,2),(1210,'14.00',704,NULL,NULL,NULL,'2011-11-23 00:00:00',7,NULL,2),(1211,'0.55',511,NULL,NULL,NULL,'2011-11-08 00:00:00',2,NULL,2),(1212,'6.50',705,NULL,NULL,NULL,'2011-11-06 00:00:00',8,NULL,2),(1213,'0.55',511,NULL,NULL,NULL,'2011-11-09 00:00:00',2,NULL,2),(1214,'5.00',706,NULL,NULL,NULL,'2011-11-05 00:00:00',8,NULL,2),(1215,'1.70',668,NULL,NULL,NULL,'2011-11-09 00:00:00',5,NULL,2),(1216,'17.75',707,NULL,NULL,NULL,'2011-11-08 00:00:00',8,NULL,2),(1217,'1.10',708,NULL,NULL,NULL,'2011-11-08 00:00:00',5,NULL,2),(1218,'10.19',709,NULL,NULL,NULL,'2011-11-10 00:00:00',3,NULL,2),(1219,'6.00',710,NULL,NULL,NULL,'2011-09-03 00:00:00',8,NULL,2),(1220,'6.68',711,NULL,NULL,NULL,'2011-09-04 00:00:00',3,NULL,2),(1221,'7.45',182,NULL,NULL,NULL,'2011-09-05 00:00:00',5,NULL,2),(1222,'6.95',46,NULL,NULL,NULL,'2011-09-07 00:00:00',5,NULL,2),(1223,'0.65',692,NULL,NULL,NULL,'2011-09-08 00:00:00',5,NULL,2),(1224,'8.78',676,NULL,NULL,NULL,'2011-09-09 00:00:00',5,NULL,2),(1225,'20.00',712,NULL,NULL,NULL,'2011-09-11 00:00:00',11,NULL,2),(1226,'5.95',713,NULL,NULL,NULL,'2011-09-13 00:00:00',5,NULL,2),(1227,'9.90',714,NULL,NULL,NULL,'2011-09-14 00:00:00',8,NULL,2),(1228,'0.65',692,NULL,NULL,NULL,'2011-09-15 00:00:00',5,NULL,2),(1229,'1.70',715,NULL,NULL,NULL,'2011-09-16 00:00:00',8,NULL,2),(1230,'10.75',716,NULL,NULL,NULL,'2011-09-04 00:00:00',8,NULL,2),(1231,'0.65',692,NULL,NULL,NULL,'2011-09-05 00:00:00',5,NULL,2),(1232,'3.05',717,NULL,NULL,NULL,'2011-09-07 00:00:00',5,NULL,2),(1233,'0.55',158,NULL,NULL,NULL,'2011-09-09 00:00:00',8,NULL,2),(1234,'0.55',511,NULL,NULL,NULL,'2011-09-11 00:00:00',8,NULL,2),(1235,'8.95',718,NULL,NULL,NULL,'2011-09-16 00:00:00',5,NULL,2),(1236,'16.99',719,NULL,NULL,NULL,'2011-09-04 00:00:00',3,NULL,2),(1237,'0.65',692,NULL,NULL,NULL,'2011-09-07 00:00:00',5,NULL,2),(1238,'0.55',158,NULL,NULL,NULL,'2011-09-09 00:00:00',8,NULL,2),(1239,'0.55',511,NULL,NULL,NULL,'2011-09-11 00:00:00',8,NULL,2),(1240,'1.90',720,NULL,NULL,NULL,'2011-09-04 00:00:00',8,NULL,2),(1241,'1.09',663,NULL,NULL,NULL,'2011-09-07 00:00:00',5,NULL,2),(1242,'15.84',721,NULL,NULL,NULL,'2011-09-04 00:00:00',11,NULL,2),(1243,'1.45',722,NULL,NULL,NULL,'2011-08-27 00:00:00',8,NULL,2),(1244,'1.90',723,NULL,NULL,NULL,'2011-08-28 00:00:00',8,NULL,2),(1245,'3.00',165,NULL,NULL,NULL,'2011-08-30 00:00:00',5,NULL,2),(1246,'8.50',46,NULL,NULL,NULL,'2011-09-01 00:00:00',5,NULL,2),(1247,'7.50',148,NULL,NULL,NULL,'2011-08-31 00:00:00',5,NULL,2),(1248,'3.45',724,NULL,NULL,NULL,'2011-08-27 00:00:00',8,NULL,2),(1249,'9.00',725,NULL,NULL,NULL,'2011-09-02 00:00:00',5,NULL,2),(1250,'5.00',706,NULL,NULL,NULL,'2011-08-06 00:00:00',8,NULL,2),(1251,'1.75',726,NULL,NULL,NULL,'2011-08-08 00:00:00',10,NULL,2),(1252,'8.40',727,NULL,NULL,NULL,'2011-08-09 00:00:00',5,NULL,2),(1253,'8.99',728,NULL,NULL,NULL,'2011-08-10 00:00:00',5,NULL,2),(1254,'0.65',692,NULL,NULL,NULL,'2011-08-08 00:00:00',5,NULL,2),(1255,'15.00',642,NULL,NULL,NULL,'2011-08-10 00:00:00',11,NULL,2),(1256,'1.75',729,NULL,NULL,NULL,'2011-08-08 00:00:00',10,NULL,2),(1257,'0.55',730,NULL,NULL,NULL,'2011-08-26 00:00:00',7,NULL,2),(1258,'8.78',676,NULL,NULL,NULL,'2011-08-26 00:00:00',5,NULL,2),(1259,'66.01',731,NULL,NULL,NULL,'2011-08-26 00:00:00',11,NULL,2),(1260,'27.03',732,NULL,NULL,NULL,'2011-08-27 00:00:00',8,NULL,2),(1261,'16.30',733,NULL,NULL,NULL,'2011-08-26 00:00:00',8,NULL,2),(1262,'4.55',84,NULL,NULL,NULL,'2011-08-26 00:00:00',8,NULL,2),(1263,'3.45',734,NULL,NULL,NULL,'2011-08-26 00:00:00',8,NULL,2),(1264,'30.85',735,NULL,NULL,NULL,'2011-08-03 00:00:00',8,NULL,2),(1265,'0.65',692,NULL,NULL,NULL,'2011-08-05 00:00:00',5,NULL,2),(1266,'2.00',736,NULL,NULL,NULL,'2011-08-21 00:00:00',8,NULL,2),(1267,'0.55',737,NULL,NULL,NULL,'2011-08-22 00:00:00',2,NULL,2),(1268,'8.85',46,NULL,NULL,NULL,'2011-08-05 00:00:00',5,NULL,2),(1269,'10.71',738,NULL,NULL,NULL,'2011-08-10 00:00:00',7,NULL,2),(1270,'5.85',739,NULL,NULL,NULL,'2011-08-27 00:00:00',8,NULL,2),(1271,'0.55',511,NULL,NULL,NULL,'2011-08-27 00:00:00',8,NULL,2),(1272,'10.50',706,NULL,NULL,NULL,'2011-08-27 00:00:00',8,NULL,2),(1273,'0.65',692,NULL,NULL,NULL,'2011-07-26 00:00:00',5,NULL,2),(1274,'0.65',692,NULL,NULL,NULL,'2011-07-27 00:00:00',5,NULL,2),(1275,'8.22',740,NULL,NULL,NULL,'2011-07-29 00:00:00',5,NULL,2),(1276,'0.55',511,NULL,NULL,NULL,'2011-07-30 00:00:00',8,NULL,2),(1277,'2.45',165,NULL,NULL,NULL,'2011-07-26 00:00:00',5,NULL,2),(1278,'10.00',741,NULL,NULL,NULL,'2011-07-29 00:00:00',11,NULL,2),(1279,'1.70',84,NULL,NULL,NULL,'2011-07-30 00:00:00',8,NULL,2),(1280,'2.00',742,NULL,NULL,NULL,'2011-07-29 00:00:00',8,NULL,2),(1281,'10.00',743,NULL,NULL,NULL,'2011-07-30 00:00:00',11,NULL,2),(1282,'0.65',692,NULL,NULL,NULL,'2011-08-04 00:00:00',5,NULL,2),(1283,'15.00',744,NULL,NULL,NULL,'2011-08-06 00:00:00',11,NULL,2),(1284,'13.20',745,NULL,NULL,NULL,'2011-08-27 00:00:00',8,NULL,2),(1285,'0.65',692,NULL,NULL,NULL,'2011-07-28 00:00:00',5,NULL,2),(1286,'8.55',19,NULL,NULL,NULL,'2011-08-11 00:00:00',5,NULL,2),(1287,'8.55',746,NULL,NULL,NULL,'2011-08-16 00:00:00',8,NULL,2),(1288,'2.45',165,NULL,NULL,NULL,'2011-08-17 00:00:00',5,NULL,2),(1289,'8.50',46,NULL,NULL,NULL,'2011-08-19 00:00:00',5,NULL,2),(1290,'0.55',511,NULL,NULL,NULL,'2011-08-20 00:00:00',8,NULL,2),(1291,'2.45',165,NULL,NULL,NULL,'2011-08-16 00:00:00',5,NULL,2),(1292,'15.00',747,NULL,NULL,NULL,'2011-08-19 00:00:00',11,NULL,2),(1293,'17.50',748,NULL,NULL,NULL,'2011-08-20 00:00:00',8,NULL,2),(1294,'15.00',749,NULL,NULL,NULL,'2011-08-21 00:00:00',11,NULL,2),(1295,'3.69',750,NULL,NULL,NULL,'2011-08-16 00:00:00',3,NULL,2),(1296,'0.84',751,NULL,NULL,NULL,'2011-08-20 00:00:00',7,NULL,2),(1297,'13.15',752,NULL,NULL,NULL,'2011-08-26 00:00:00',8,NULL,2),(1298,'15.30',753,NULL,NULL,NULL,'2011-11-11 00:00:00',8,NULL,2),(1299,'15.50',706,NULL,NULL,NULL,'2011-11-12 00:00:00',8,NULL,2),(1300,'16.80',754,NULL,NULL,NULL,'2011-11-13 00:00:00',8,NULL,2),(1301,'3.60',81,NULL,NULL,NULL,'2011-11-14 00:00:00',5,NULL,2),(1302,'8.95',46,NULL,NULL,NULL,'2011-11-15 00:00:00',5,NULL,2),(1303,'8.85',46,NULL,NULL,NULL,'2011-11-16 00:00:00',5,NULL,2),(1304,'9.15',46,NULL,NULL,NULL,'2011-11-17 00:00:00',5,NULL,2),(1305,'2.47',11,NULL,NULL,NULL,'2011-11-18 00:00:00',5,NULL,2),(1306,'7.60',755,NULL,NULL,NULL,'2011-11-19 00:00:00',3,NULL,2),(1307,'20.00',756,NULL,NULL,NULL,'2011-11-20 00:00:00',11,NULL,2),(1308,'8.78',676,NULL,NULL,NULL,'2011-11-21 00:00:00',5,NULL,2),(1309,'8.95',182,NULL,NULL,NULL,'2011-11-22 00:00:00',5,NULL,2),(1310,'0.55',757,NULL,NULL,NULL,'2011-11-24 00:00:00',7,NULL,2),(1311,'8.78',676,NULL,NULL,NULL,'2011-11-25 00:00:00',5,NULL,2),(1312,'9.50',26,NULL,NULL,NULL,'2011-11-11 00:00:00',5,NULL,2),(1313,'4.70',758,NULL,NULL,NULL,'2011-11-13 00:00:00',8,NULL,2),(1314,'1.75',759,NULL,NULL,NULL,'2011-11-14 00:00:00',5,NULL,2),(1315,'1.75',11,NULL,NULL,NULL,'2011-11-15 00:00:00',5,NULL,2),(1316,'35.00',760,NULL,NULL,NULL,'2011-11-16 00:00:00',16,NULL,2),(1317,'8.80',761,NULL,NULL,NULL,'2011-11-18 00:00:00',5,NULL,2),(1318,'0.55',511,NULL,NULL,NULL,'2011-11-19 00:00:00',7,NULL,2),(1319,'15.20',762,NULL,NULL,NULL,'2011-11-20 00:00:00',8,NULL,2),(1320,'16.12',735,NULL,NULL,NULL,'2011-11-23 00:00:00',8,NULL,2),(1321,'7.15',763,NULL,NULL,NULL,'2011-11-24 00:00:00',5,NULL,2),(1322,'1.85',165,NULL,NULL,NULL,'2011-11-25 00:00:00',5,NULL,2),(1323,'3.20',764,NULL,NULL,NULL,'2011-11-13 00:00:00',8,NULL,2),(1324,'8.40',765,NULL,NULL,NULL,'2011-11-15 00:00:00',8,NULL,2),(1325,'4.60',766,NULL,NULL,NULL,'2011-11-16 00:00:00',16,NULL,2),(1326,'0.55',511,NULL,NULL,NULL,'2011-11-19 00:00:00',7,NULL,2),(1327,'5.10',767,NULL,NULL,NULL,'2011-11-20 00:00:00',8,NULL,2),(1328,'4.20',81,NULL,NULL,NULL,'2011-11-23 00:00:00',5,NULL,2),(1329,'0.65',768,NULL,NULL,NULL,'2011-11-24 00:00:00',5,NULL,2),(1330,'25.00',769,NULL,NULL,NULL,'2011-11-25 00:00:00',11,NULL,2),(1331,'25.00',770,NULL,NULL,NULL,'2011-11-13 00:00:00',11,NULL,2),(1332,'2.85',771,NULL,NULL,NULL,'2011-11-23 00:00:00',5,NULL,2),(1333,'0.55',757,NULL,NULL,NULL,'2011-11-24 00:00:00',7,NULL,2),(1334,'1.25',511,NULL,NULL,NULL,'2011-11-25 00:00:00',8,NULL,2),(1335,'0.55',511,NULL,NULL,NULL,'2011-11-25 00:00:00',8,NULL,2),(1336,'3.68',11,NULL,NULL,NULL,'2011-11-24 00:00:00',5,NULL,2),(1337,'9.49',772,NULL,NULL,NULL,'2011-07-26 00:00:00',3,NULL,2),(1338,'79.90',146,NULL,NULL,NULL,'2011-08-02 00:00:00',10,NULL,2),(1339,'0.00',773,NULL,NULL,NULL,'2011-08-12 00:00:00',2,NULL,2),(1340,'0.00',773,NULL,NULL,NULL,'2011-08-13 00:00:00',2,NULL,2),(1341,'0.00',773,NULL,NULL,NULL,'2011-08-14 00:00:00',2,NULL,2),(1342,'0.00',773,NULL,NULL,NULL,'2011-08-15 00:00:00',2,NULL,2),(1343,'17.55',774,NULL,NULL,NULL,'2011-08-08 00:00:00',10,NULL,2),(1344,'72.50',59,NULL,NULL,NULL,'2011-08-16 00:00:00',10,NULL,2),(1345,'54.40',775,NULL,NULL,NULL,'2011-08-16 00:00:00',10,NULL,2),(1346,'10.00',95,NULL,NULL,NULL,'2011-08-18 00:00:00',13,NULL,2),(1347,'9.99',776,NULL,NULL,NULL,'2011-08-25 00:00:00',7,NULL,2),(1348,'100.06',777,NULL,NULL,NULL,'2011-08-29 00:00:00',10,NULL,2),(1349,'79.90',478,NULL,NULL,NULL,'2011-09-02 00:00:00',10,NULL,2),(1350,'10.00',95,NULL,NULL,NULL,'2011-09-10 00:00:00',13,NULL,2),(1351,'30.00',775,NULL,NULL,NULL,'2011-09-12 00:00:00',10,NULL,2),(1352,'72.50',59,NULL,NULL,NULL,'2011-09-14 00:00:00',10,NULL,2),(1353,'-180.00',778,NULL,NULL,NULL,'2011-09-15 00:00:00',16,NULL,2),(1354,'5.00',247,NULL,NULL,NULL,'2011-09-23 00:00:00',8,NULL,2),(1355,'1.90',93,NULL,NULL,NULL,'2011-11-28 00:00:00',5,NULL,2),(1356,'1.10',779,NULL,NULL,NULL,'2011-11-29 00:00:00',7,NULL,2),(1357,'4.20',81,NULL,NULL,NULL,'2011-11-28 00:00:00',5,NULL,2),(1358,'5.10',780,NULL,NULL,NULL,'2011-11-29 00:00:00',5,NULL,2),(1359,'2.92',781,NULL,NULL,NULL,'2011-11-28 00:00:00',3,NULL,2),(1360,'6.45',782,NULL,NULL,NULL,'2011-11-29 00:00:00',5,NULL,2),(1361,'13.50',783,NULL,NULL,NULL,'2011-11-28 00:00:00',8,NULL,2),(1362,'5.00',784,NULL,NULL,NULL,'2011-11-26 00:00:00',8,NULL,2),(1363,'173.32',133,NULL,NULL,NULL,'2011-11-28 00:00:00',15,NULL,2),(1364,'30.00',775,NULL,NULL,NULL,'2011-10-08 00:00:00',10,NULL,2),(1365,'72.50',59,NULL,NULL,NULL,'2011-10-17 00:00:00',10,NULL,2),(1366,'155.42',785,NULL,NULL,NULL,'2011-10-19 00:00:00',7,NULL,2),(1367,'4.90',786,NULL,NULL,NULL,'2011-10-21 00:00:00',8,NULL,2),(1368,'8.30',613,NULL,NULL,NULL,'2011-10-24 00:00:00',5,NULL,2),(1369,'15.00',787,NULL,NULL,NULL,'2011-10-26 00:00:00',8,NULL,2),(1370,'79.90',146,NULL,NULL,NULL,'2011-10-04 00:00:00',10,NULL,2),(1371,'30.11',788,NULL,NULL,NULL,'2011-10-26 00:00:00',2,NULL,2),(1372,'10.00',95,NULL,NULL,NULL,'2011-10-04 00:00:00',13,NULL,2),(1373,'8.81',789,NULL,NULL,NULL,'2011-10-31 00:00:00',8,NULL,2),(1374,'79.90',478,NULL,NULL,NULL,'2011-11-03 00:00:00',10,NULL,2),(1375,'0.60',790,NULL,NULL,NULL,'2011-12-02 00:00:00',5,1,2),(1376,'260.00',791,NULL,NULL,NULL,'2011-11-09 00:00:00',10,NULL,2),(1377,'72.50',59,NULL,NULL,NULL,'2011-11-14 00:00:00',10,NULL,2),(1378,'100.00',792,NULL,NULL,NULL,'2011-11-15 00:00:00',7,NULL,2),(1379,'15.00',95,NULL,NULL,NULL,'2011-11-08 00:00:00',13,NULL,2),(1380,'1.10',793,NULL,NULL,NULL,'2011-11-13 00:00:00',8,NULL,2),(1381,'30.00',792,NULL,NULL,NULL,'2011-11-24 00:00:00',7,NULL,2),(1382,'560.00',794,NULL,NULL,NULL,'2011-11-28 00:00:00',10,NULL,2),(1383,'1.80',795,NULL,NULL,NULL,'2011-12-01 00:00:00',7,2,2),(1384,'18.00',796,NULL,NULL,NULL,'2011-12-02 00:00:00',8,2,2),(1385,'3.00',797,NULL,NULL,NULL,'2011-12-03 00:00:00',8,1,2),(1386,'20.00',798,NULL,NULL,NULL,'2011-12-01 00:00:00',11,2,2),(1387,'2.10',799,NULL,NULL,NULL,'2011-12-02 00:00:00',8,1,2),(1388,'10.00',26,NULL,NULL,NULL,'2011-12-02 00:00:00',5,2,2),(1389,'7.90',800,NULL,NULL,NULL,'2011-11-30 00:00:00',8,NULL,2),(1390,'3.05',801,NULL,NULL,NULL,'2011-12-02 00:00:00',7,1,2),(1391,'2.50',802,NULL,NULL,NULL,'2011-12-02 00:00:00',7,1,2),(1392,'1.62',803,NULL,NULL,NULL,'2011-11-30 00:00:00',5,NULL,2),(1393,'5.65',32,NULL,NULL,NULL,'2011-11-30 00:00:00',5,NULL,2),(1394,'0.58',790,NULL,NULL,NULL,'2011-11-29 00:00:00',5,NULL,2),(1395,'2.90',804,NULL,NULL,NULL,'2012-02-01 00:00:00',5,1,2),(1396,'1.10',805,NULL,NULL,NULL,'2012-02-02 00:00:00',5,1,2),(1397,'5.98',806,NULL,NULL,NULL,'2012-02-01 00:00:00',1,2,2),(1398,'5.00',807,NULL,NULL,NULL,'2012-02-02 00:00:00',7,1,2),(1399,'0.40',501,NULL,NULL,NULL,'2012-02-01 00:00:00',5,1,2),(1400,'1.95',808,NULL,NULL,NULL,'2012-02-02 00:00:00',5,1,2),(1401,'0.20',626,NULL,NULL,NULL,'2012-02-01 00:00:00',5,1,2),(1402,'0.95',809,NULL,NULL,NULL,'2012-02-02 00:00:00',5,1,2),(1403,'0.95',809,NULL,NULL,NULL,'2012-02-01 00:00:00',5,1,2),(1404,'5.40',810,NULL,NULL,NULL,'2012-02-02 00:00:00',5,2,2),(1405,'11.23',19,NULL,NULL,NULL,'2012-02-01 00:00:00',5,2,2),(1406,'0.70',92,NULL,NULL,NULL,'2012-02-02 00:00:00',5,1,2),(1407,'0.40',811,NULL,NULL,NULL,'2012-02-01 00:00:00',5,1,2),(1408,'0.95',812,NULL,NULL,NULL,'2012-02-02 00:00:00',5,1,2),(1409,'5.50',813,NULL,NULL,NULL,'2012-02-01 00:00:00',8,1,2),(1410,'14.73',814,NULL,NULL,NULL,'2012-02-02 00:00:00',3,2,2),(1411,'19.65',815,NULL,NULL,NULL,'2012-02-03 00:00:00',1,3,2),(1412,'20.00',816,NULL,NULL,NULL,'2012-02-04 00:00:00',11,2,2),(1413,'3.95',817,NULL,NULL,NULL,'2012-02-05 00:00:00',8,1,2),(1414,'7.50',148,NULL,NULL,NULL,'2012-02-03 00:00:00',5,2,2),(1415,'6.76',818,NULL,NULL,NULL,'2012-02-05 00:00:00',3,2,2),(1416,'3.99',819,NULL,NULL,NULL,'2012-02-03 00:00:00',1,2,2),(1417,'15.00',820,NULL,NULL,NULL,'2012-02-05 00:00:00',11,2,2),(1418,'9.07',821,NULL,NULL,NULL,'2012-02-03 00:00:00',3,2,2),(1419,'0.55',822,NULL,NULL,NULL,'2012-02-05 00:00:00',7,2,2),(1420,'255.00',823,NULL,NULL,NULL,'2012-02-01 00:00:00',10,3,2),(1421,'79.00',478,NULL,NULL,NULL,'2012-02-02 00:00:00',10,3,2),(1422,'15.00',824,NULL,NULL,NULL,'2012-02-01 00:00:00',10,3,2),(1423,'40.00',825,NULL,NULL,NULL,'2012-02-05 00:00:00',7,3,2),(1424,'10.00',473,NULL,NULL,NULL,'2012-02-06 00:00:00',7,1,2),(1425,'10.00',95,NULL,NULL,NULL,'2012-02-06 00:00:00',13,3,2),(1426,'6.00',826,NULL,NULL,NULL,'2012-02-06 00:00:00',3,3,2),(1427,'2.95',827,NULL,NULL,NULL,'2012-02-06 00:00:00',3,3,2),(1428,'10.40',46,NULL,NULL,NULL,'2012-02-06 00:00:00',5,2,2),(1429,'1.08',828,NULL,NULL,NULL,'2012-02-06 00:00:00',5,1,2),(1430,'3.39',829,NULL,NULL,NULL,'2012-02-06 00:00:00',7,2,2),(1431,'2.00',61,NULL,NULL,NULL,'2012-02-07 00:00:00',7,1,2),(1432,'6.25',878,NULL,NULL,NULL,'2012-02-08 00:00:00',5,2,2),(1433,'3.90',81,NULL,NULL,NULL,'2012-02-07 00:00:00',5,2,2),(1434,'0.70',830,NULL,NULL,NULL,'2012-02-07 00:00:00',5,1,2),(1435,'5.31',831,NULL,NULL,NULL,'2012-02-07 00:00:00',5,2,2),(1436,'11.44',814,NULL,NULL,NULL,'2012-02-07 00:00:00',19,2,2),(1437,'5.99',832,NULL,NULL,NULL,'2012-02-07 00:00:00',1,2,2),(1438,'1.50',879,NULL,NULL,NULL,'2012-02-08 00:00:00',5,1,2),(1439,'1.95',808,NULL,NULL,NULL,'2012-02-09 00:00:00',5,1,2),(1440,'3.90',81,NULL,NULL,NULL,'2012-02-09 00:00:00',5,2,2),(1441,'5.90',834,NULL,NULL,NULL,'2012-02-09 00:00:00',5,2,2),(1442,'9.00',26,NULL,NULL,NULL,'2012-02-10 00:00:00',5,2,2),(1505,'1.10',870,NULL,NULL,NULL,'2012-02-25 00:00:00',7,1,2),(1504,'3.99',869,NULL,NULL,NULL,'2012-02-25 00:00:00',22,2,2),(1445,'3.90',81,NULL,NULL,NULL,'2012-02-13 00:00:00',5,2,2),(1514,'3.90',875,NULL,NULL,NULL,'2012-02-29 00:00:00',5,1,2),(1513,'35.00',874,NULL,NULL,NULL,'2012-02-27 00:00:00',10,2,2),(1512,'0.63',13,NULL,NULL,NULL,'2012-02-27 00:00:00',5,1,2),(1501,'1.25',868,NULL,NULL,NULL,'2012-02-27 00:00:00',7,2,2),(1500,'15.00',867,NULL,NULL,NULL,'2012-02-26 00:00:00',11,2,2),(1503,'0.55',158,NULL,NULL,NULL,'2012-02-25 00:00:00',7,2,2),(1502,'0.55',158,NULL,NULL,NULL,'2012-02-25 00:00:00',7,2,2),(1518,'8.30',883,NULL,NULL,NULL,'2012-02-22 00:00:00',2,3,2),(1455,'0.00',880,NULL,NULL,NULL,'2012-02-11 00:00:00',19,3,2),(1456,'0.55',158,NULL,NULL,NULL,'2012-02-12 00:00:00',7,2,2),(1515,'4.90',81,NULL,NULL,NULL,'2012-02-29 00:00:00',5,4,2),(1458,'3.73',11,NULL,NULL,NULL,'2012-02-14 00:00:00',5,1,2),(1459,'3.73',11,NULL,NULL,NULL,'2012-02-15 00:00:00',5,1,2),(1460,'2.30',854,NULL,NULL,NULL,'2012-02-16 00:00:00',5,1,2),(1461,'0.63',838,NULL,NULL,NULL,'2012-02-10 00:00:00',5,1,2),(1462,'10.00',839,NULL,NULL,NULL,'2012-02-12 00:00:00',11,2,2),(1463,'1.14',840,NULL,NULL,NULL,'2012-02-12 00:00:00',19,1,2),(1464,'3.85',841,NULL,NULL,NULL,'2012-02-12 00:00:00',8,2,2),(1465,'0.55',158,NULL,NULL,NULL,'2012-02-12 00:00:00',7,2,2),(1466,'14.31',842,NULL,NULL,NULL,'2012-02-13 00:00:00',21,2,2),(1467,'4.99',843,NULL,NULL,NULL,'2012-02-14 00:00:00',22,2,2),(1468,'11.01',844,NULL,NULL,NULL,'2012-02-14 00:00:00',21,2,2),(1469,'3.90',81,NULL,NULL,NULL,'2012-02-15 00:00:00',5,2,2),(1470,'10.20',26,NULL,NULL,NULL,'2012-02-16 00:00:00',5,2,2),(1498,'0.98',865,NULL,NULL,NULL,'2012-02-25 00:00:00',19,1,2),(1511,'3.90',81,NULL,NULL,NULL,'2012-02-27 00:00:00',5,2,2),(1510,'5.35',872,NULL,NULL,NULL,'2012-02-29 00:00:00',21,2,2),(1509,'0.63',830,NULL,NULL,NULL,'2012-02-28 00:00:00',5,1,2),(1508,'0.55',158,NULL,NULL,NULL,'2012-02-26 00:00:00',7,2,2),(1507,'0.33',871,NULL,NULL,NULL,'2012-02-26 00:00:00',7,1,2),(1506,'0.55',158,NULL,NULL,NULL,'2012-02-26 00:00:00',7,2,2),(1479,'9.50',19,NULL,NULL,NULL,'2012-02-17 00:00:00',5,2,2),(1480,'4.75',3,NULL,NULL,NULL,'2012-02-18 00:00:00',1,2,2),(1481,'0.00',846,NULL,NULL,NULL,'2012-02-19 00:00:00',6,3,2),(1482,'6.45',847,NULL,NULL,NULL,'2012-02-20 00:00:00',5,2,2),(1483,'7.95',182,NULL,NULL,NULL,'2012-02-21 00:00:00',5,2,2),(1484,'4.90',81,NULL,NULL,NULL,'2012-02-22 00:00:00',5,2,2),(1485,'2.00',61,NULL,NULL,NULL,'2012-02-23 00:00:00',23,2,2),(1486,'0.95',848,NULL,NULL,NULL,'2012-02-24 00:00:00',5,1,2),(1487,'10.00',850,NULL,NULL,NULL,'2012-02-17 00:00:00',8,2,2),(1488,'6.79',851,NULL,NULL,NULL,'2012-02-18 00:00:00',19,2,2),(1489,'16.00',852,NULL,NULL,NULL,'2012-02-18 00:00:00',8,1,2),(1490,'0.55',158,NULL,NULL,NULL,'2012-02-19 00:00:00',7,2,2),(1491,'0.55',158,NULL,NULL,NULL,'2012-02-19 00:00:00',7,2,2),(1492,'7.10',853,NULL,NULL,NULL,'2012-02-21 00:00:00',19,2,2),(1493,'2.00',854,NULL,NULL,NULL,'2012-02-24 00:00:00',5,1,2),(1494,'7.30',855,NULL,NULL,NULL,'2012-02-23 00:00:00',5,2,2),(1495,'1.99',856,NULL,NULL,NULL,'2012-02-23 00:00:00',19,1,2),(1496,'3.90',81,NULL,NULL,NULL,'2012-02-24 00:00:00',5,2,2),(1497,'9.71',857,NULL,NULL,NULL,'2012-02-24 00:00:00',8,2,2),(1516,'15.80',881,NULL,NULL,NULL,'2012-02-10 00:00:00',8,2,2),(1517,'15.00',882,NULL,NULL,NULL,'2012-02-19 00:00:00',11,2,2),(1519,'83.15',884,NULL,NULL,NULL,'2012-02-28 00:00:00',16,3,2),(1520,'4.90',12,NULL,NULL,NULL,'2012-03-23 00:00:00',5,4,2),(1521,'2.64',885,NULL,NULL,NULL,'2012-03-23 00:00:00',5,2,2),(1522,'0.99',886,NULL,NULL,NULL,'2012-03-23 00:00:00',5,1,2),(1523,'2.55',1007,NULL,NULL,NULL,'2012-04-01 00:00:00',7,2,2),(1524,'10.00',95,NULL,NULL,NULL,'2012-03-01 00:00:00',13,3,2),(1530,'79.90',478,NULL,NULL,NULL,'2012-03-02 00:00:00',10,3,2),(1525,'8.85',664,NULL,NULL,NULL,'2012-03-01 00:00:00',5,1,2),(1526,'0.63',13,NULL,NULL,NULL,'2012-03-01 00:00:00',5,1,2),(1527,'5.46',889,NULL,NULL,NULL,'2012-03-01 00:00:00',19,2,2),(1528,'-127.00',890,NULL,NULL,NULL,'2012-03-02 00:00:00',16,3,2),(1529,'80.00',328,NULL,NULL,NULL,'2012-03-03 00:00:00',7,1,2),(1531,'1.26',891,NULL,NULL,NULL,'2012-03-02 00:00:00',5,1,2),(1532,'8.55',19,NULL,NULL,NULL,'2012-03-02 00:00:00',5,4,2),(1533,'0.00',892,NULL,NULL,NULL,'2012-03-02 00:00:00',8,NULL,2),(1534,'10.00',893,NULL,NULL,NULL,'2012-03-03 00:00:00',11,2,2),(1535,'6.85',894,NULL,NULL,NULL,'2012-03-03 00:00:00',8,2,2),(1536,'0.55',158,NULL,NULL,NULL,'2012-03-03 00:00:00',8,2,2),(1537,'15.30',895,NULL,NULL,NULL,'2012-03-03 00:00:00',8,2,2),(1538,'0.55',158,NULL,NULL,NULL,'2012-03-03 00:00:00',8,2,2),(1539,'0.55',158,NULL,NULL,NULL,'2012-03-04 00:00:00',8,2,2),(1540,'3.78',11,NULL,NULL,NULL,'2012-03-05 00:00:00',5,1,2),(1541,'7.95',182,NULL,NULL,NULL,'2012-03-06 00:00:00',5,4,2),(1542,'7.10',896,NULL,NULL,NULL,'2012-03-07 00:00:00',5,2,2),(1543,'30.00',897,NULL,NULL,NULL,'2012-03-08 00:00:00',1,3,2),(1553,'9.40',182,NULL,NULL,NULL,'2012-03-14 00:00:00',5,4,2),(1544,'0.63',898,NULL,NULL,NULL,'2012-03-05 00:00:00',5,1,2),(1545,'19.45',889,NULL,NULL,NULL,'2012-03-05 00:00:00',19,2,2),(1546,'7.65',899,NULL,NULL,NULL,'2012-03-06 00:00:00',4,2,2),(1547,'2.04',900,NULL,NULL,NULL,'2012-03-07 00:00:00',19,2,2),(1548,'11.00',19,NULL,NULL,NULL,'2012-03-08 00:00:00',5,4,2),(1549,'7.50',901,NULL,NULL,NULL,'2012-03-08 00:00:00',8,2,2),(1550,'0.99',11,NULL,NULL,NULL,'2012-03-09 00:00:00',5,1,2),(1551,'3.46',11,NULL,NULL,NULL,'2012-03-14 00:00:00',5,1,2),(1552,'2.07',11,NULL,NULL,NULL,'2012-03-16 00:00:00',5,1,2),(1554,'0.63',13,NULL,NULL,NULL,'2012-03-14 00:00:00',5,1,2),(1555,'6.45',131,NULL,NULL,NULL,'2012-03-16 00:00:00',5,4,2),(1556,'0.63',13,NULL,NULL,NULL,'2012-03-16 00:00:00',5,1,2),(1557,'26.50',902,NULL,NULL,NULL,'2012-03-16 00:00:00',1,3,2),(1558,'16.06',903,NULL,NULL,NULL,'2012-03-17 00:00:00',21,2,2),(1559,'7.00',904,NULL,NULL,NULL,'2012-03-18 00:00:00',8,1,2),(1567,'1.10',914,NULL,NULL,NULL,'2012-03-18 00:00:00',7,2,2),(1560,'12.14',905,NULL,NULL,NULL,'2012-03-17 00:00:00',8,2,2),(1561,'0.00',906,NULL,NULL,NULL,'2012-03-17 00:00:00',8,NULL,2),(1562,'37.00',907,NULL,NULL,NULL,'2012-03-17 00:00:00',8,1,2),(1563,'0.00',908,NULL,NULL,NULL,'2012-03-17 00:00:00',8,NULL,2),(1564,'0.95',909,NULL,NULL,NULL,'2012-03-18 00:00:00',8,1,2),(1565,'0.95',910,NULL,NULL,NULL,'2012-03-18 00:00:00',8,1,2),(1566,'20.01',911,NULL,NULL,NULL,'2012-03-18 00:00:00',11,2,2),(1568,'0.63',13,NULL,NULL,NULL,'2012-03-19 00:00:00',5,1,2),(1569,'1.17',915,NULL,NULL,NULL,'2012-03-21 00:00:00',5,1,2),(1570,'-14.00',916,NULL,NULL,NULL,'2012-03-23 00:00:00',8,3,2),(1571,'-14.00',917,NULL,NULL,NULL,'2012-03-21 00:00:00',8,1,2),(1572,'24.99',918,NULL,NULL,NULL,'2012-03-23 00:00:00',22,2,2),(1573,'3.46',919,NULL,NULL,NULL,'2012-03-23 00:00:00',19,2,2),(1574,'9.00',920,NULL,NULL,NULL,'2012-03-23 00:00:00',3,2,2),(1575,'4.00',921,NULL,NULL,NULL,'2012-03-23 00:00:00',8,1,2),(1576,'0.55',158,NULL,NULL,NULL,'2012-03-24 00:00:00',7,2,2),(1679,'35.00',59,NULL,NULL,NULL,'2012-03-26 00:00:00',10,2,2),(1577,'1.10',922,NULL,NULL,NULL,'2011-12-04 00:00:00',2,1,2),(1578,'4.20',81,NULL,NULL,NULL,'2011-12-05 00:00:00',5,2,2),(1579,'8.95',182,NULL,NULL,NULL,'2011-12-06 00:00:00',5,2,2),(1580,'8.78',676,NULL,NULL,NULL,'2011-12-07 00:00:00',5,2,2),(1581,'1.45',923,NULL,NULL,NULL,'2011-12-08 00:00:00',8,2,2),(1582,'5.75',924,NULL,NULL,NULL,'2011-12-04 00:00:00',3,2,2),(1583,'7.00',925,NULL,NULL,NULL,'2011-12-06 00:00:00',7,NULL,2),(1584,'3.95',926,NULL,NULL,NULL,'2011-12-06 00:00:00',8,2,2),(1585,'30.00',927,NULL,NULL,NULL,'2011-12-08 00:00:00',11,2,2),(1586,'2.90',928,NULL,NULL,NULL,'2011-12-09 00:00:00',5,1,2),(1587,'0.55',158,NULL,NULL,NULL,'2011-12-08 00:00:00',7,2,2),(1588,'1.50',929,NULL,NULL,NULL,'2011-12-08 00:00:00',3,NULL,2),(1589,'0.55',158,NULL,NULL,NULL,'2011-12-08 00:00:00',7,2,2),(1590,'9.65',46,NULL,NULL,NULL,'2011-12-09 00:00:00',5,2,2),(1591,'2.45',76,NULL,NULL,NULL,'2011-12-10 00:00:00',5,1,2),(1592,'1.10',914,NULL,NULL,NULL,'2011-12-11 00:00:00',7,2,2),(1593,'2.06',11,NULL,NULL,NULL,'2011-12-12 00:00:00',5,1,2),(1594,'2.69',11,NULL,NULL,NULL,'2011-12-13 00:00:00',5,1,2),(1595,'13.60',930,NULL,NULL,NULL,'2011-12-09 00:00:00',8,2,2),(1596,'0.55',158,NULL,NULL,NULL,'2011-12-10 00:00:00',7,2,2),(1597,'8.95',931,NULL,NULL,NULL,'2011-12-10 00:00:00',7,2,2),(1598,'28.24',932,NULL,NULL,NULL,'2011-12-10 00:00:00',4,2,2),(1599,'4.20',81,NULL,NULL,NULL,'2011-12-12 00:00:00',5,2,2),(1600,'0.65',13,NULL,NULL,NULL,'2011-12-12 00:00:00',5,1,2),(1601,'26.09',933,NULL,NULL,NULL,'2011-12-13 00:00:00',NULL,2,2),(1602,'15.00',934,NULL,NULL,NULL,'2011-12-13 00:00:00',16,2,2),(1603,'15.00',935,NULL,NULL,NULL,'2011-12-13 00:00:00',3,2,2),(1604,'21.79',936,NULL,NULL,NULL,'2011-12-13 00:00:00',21,2,2),(1605,'3.68',11,NULL,NULL,NULL,'2011-12-14 00:00:00',5,2,2),(1606,'1.48',11,NULL,NULL,NULL,'2011-12-15 00:00:00',5,1,2),(1607,'2.25',11,NULL,NULL,NULL,'2011-12-16 00:00:00',5,1,2),(1608,'1.00',937,NULL,NULL,NULL,'2011-12-17 00:00:00',8,1,2),(1609,'6.35',938,NULL,NULL,NULL,'2011-12-18 00:00:00',2,2,2),(1610,'9.08',939,NULL,NULL,NULL,'2011-12-19 00:00:00',2,2,2),(1611,'1.95',940,NULL,NULL,NULL,'2011-12-20 00:00:00',5,1,2),(1612,'5.00',941,NULL,NULL,NULL,'2011-12-21 00:00:00',7,NULL,2),(1613,'28.00',942,NULL,NULL,NULL,'2011-12-22 00:00:00',27,2,2),(1614,'7.90',46,NULL,NULL,NULL,'2011-12-23 00:00:00',5,2,2),(1615,'0.40',943,NULL,NULL,NULL,'2011-12-24 00:00:00',7,2,2),(1616,'5.40',944,NULL,NULL,NULL,'2011-12-14 00:00:00',8,2,2),(1617,'9.00',19,NULL,NULL,NULL,'2011-12-15 00:00:00',5,2,2),(1618,'0.65',830,NULL,NULL,NULL,'2011-12-15 00:00:00',5,1,2),(1619,'13.60',945,NULL,NULL,NULL,'2011-12-15 00:00:00',2,NULL,2),(1620,'8.25',19,NULL,NULL,NULL,'2011-12-16 00:00:00',5,2,2),(1621,'0.55',158,NULL,NULL,NULL,'2011-12-16 00:00:00',7,2,2),(1622,'20.00',946,NULL,NULL,NULL,'2011-12-17 00:00:00',11,2,2),(1623,'0.55',158,NULL,NULL,NULL,'2011-12-17 00:00:00',7,2,2),(1624,'5.00',868,NULL,NULL,NULL,'2011-12-17 00:00:00',7,2,2),(1625,'1.10',914,NULL,NULL,NULL,'2011-12-18 00:00:00',7,2,2),(1626,'16.00',947,NULL,NULL,NULL,'2011-12-17 00:00:00',8,2,2),(1627,'16.44',933,NULL,NULL,NULL,'2011-12-19 00:00:00',2,2,2),(1628,'18.73',933,NULL,NULL,NULL,'2011-12-19 00:00:00',2,2,2),(1629,'5.00',948,NULL,NULL,NULL,'2011-12-19 00:00:00',7,2,2),(1630,'9.98',949,NULL,NULL,NULL,'2011-12-19 00:00:00',22,2,2),(1631,'5.95',950,NULL,NULL,NULL,'2011-12-19 00:00:00',8,2,2),(1632,'2.00',941,NULL,NULL,NULL,'2011-12-20 00:00:00',7,NULL,2),(1633,'5.00',941,NULL,NULL,NULL,'2011-12-20 00:00:00',7,NULL,2),(1634,'1.75',11,NULL,NULL,NULL,'2011-12-21 00:00:00',5,1,2),(1635,'7.90',46,NULL,NULL,NULL,'2011-12-21 00:00:00',5,2,2),(1636,'13.44',951,NULL,NULL,NULL,'2011-12-21 00:00:00',27,2,2),(1637,'4.54',933,NULL,NULL,NULL,'2011-12-21 00:00:00',2,2,2),(1638,'7.20',933,NULL,NULL,NULL,'2011-12-21 00:00:00',2,2,2),(1639,'5.00',952,NULL,NULL,NULL,'2011-12-21 00:00:00',2,2,2),(1640,'0.00',953,NULL,NULL,NULL,'2011-12-22 00:00:00',5,1,2),(1641,'0.65',954,NULL,NULL,NULL,'2011-12-23 00:00:00',5,1,2),(1642,'17.56',955,NULL,NULL,NULL,'2011-12-23 00:00:00',27,2,2),(1643,'20.00',956,NULL,NULL,NULL,'2011-12-25 00:00:00',11,2,2),(1644,'1.25',511,NULL,NULL,NULL,'2011-12-26 00:00:00',7,2,2),(1645,'2.40',957,NULL,NULL,NULL,'2011-12-27 00:00:00',5,1,2),(1646,'6.35',958,NULL,NULL,NULL,'2011-12-28 00:00:00',5,2,2),(1647,'2.50',940,NULL,NULL,NULL,'2011-12-29 00:00:00',5,1,2),(1648,'3.40',959,NULL,NULL,NULL,'2011-12-30 00:00:00',5,1,2),(1649,'19.70',960,NULL,NULL,NULL,'2011-12-31 00:00:00',8,2,2),(1650,'7.90',961,NULL,NULL,NULL,'2011-12-26 00:00:00',8,2,2),(1651,'37.50',962,NULL,NULL,NULL,'2011-12-26 00:00:00',10,2,2),(1652,'6.70',963,NULL,NULL,NULL,'2011-12-27 00:00:00',21,1,2),(1653,'1.10',914,NULL,NULL,NULL,'2011-12-27 00:00:00',7,2,2),(1654,'1.60',964,NULL,NULL,NULL,'2011-12-28 00:00:00',5,1,2),(1655,'0.65',13,NULL,NULL,NULL,'2011-12-28 00:00:00',5,1,2),(1656,'6.15',965,NULL,NULL,NULL,'2011-12-29 00:00:00',5,2,2),(1657,'1.40',966,NULL,NULL,NULL,'2011-12-29 00:00:00',5,1,2),(1658,'0.65',13,NULL,NULL,NULL,'2011-12-29 00:00:00',5,1,2),(1659,'25.00',967,NULL,NULL,NULL,'2011-12-29 00:00:00',11,2,2),(1660,'1.10',914,NULL,NULL,NULL,'2011-12-29 00:00:00',7,2,2),(1661,'9.00',968,NULL,NULL,NULL,'2011-12-30 00:00:00',27,2,2),(1662,'8.78',676,NULL,NULL,NULL,'2011-12-30 00:00:00',5,2,2),(1663,'0.65',13,NULL,NULL,NULL,'2011-12-30 00:00:00',5,1,2),(1664,'7.14',969,NULL,NULL,NULL,'2011-12-30 00:00:00',19,2,2),(1665,'1.25',511,NULL,NULL,NULL,'2011-12-31 00:00:00',7,2,2),(1666,'40.01',970,NULL,NULL,NULL,'2011-12-31 00:00:00',11,2,2),(1667,'79.90',478,NULL,NULL,NULL,'2011-12-05 00:00:00',10,3,2),(1668,'261.00',971,NULL,NULL,NULL,'2011-12-31 00:00:00',10,3,2),(1669,'990.90',972,NULL,NULL,NULL,'2011-12-20 00:00:00',16,3,2),(1670,'100.00',973,NULL,NULL,NULL,'2011-12-10 00:00:00',10,3,2),(1671,'2.77',974,NULL,NULL,NULL,'2011-12-08 00:00:00',3,2,2),(1672,'10.00',975,NULL,NULL,NULL,'2011-12-09 00:00:00',8,1,2),(1673,'5.00',39,NULL,NULL,NULL,'2011-12-10 00:00:00',8,1,2),(1674,'7.55',976,NULL,NULL,NULL,'2011-12-14 00:00:00',5,2,2),(1675,'8.75',19,NULL,NULL,NULL,'2011-12-19 00:00:00',5,2,2),(1676,'6.90',977,NULL,NULL,NULL,'2011-12-29 00:00:00',7,2,2),(1677,'8.70',978,NULL,NULL,NULL,'2012-03-26 00:00:00',5,2,2),(1678,'2.90',980,NULL,NULL,NULL,'2012-03-27 00:00:00',5,2,2),(1681,'0.00',914,NULL,NULL,NULL,'2012-03-25 00:00:00',NULL,NULL,2),(1680,'-7.00',981,NULL,NULL,NULL,'2012-03-27 00:00:00',8,3,2),(1686,'10.95',986,NULL,NULL,NULL,'2012-03-27 00:00:00',5,2,2),(1682,'0.00',982,NULL,NULL,NULL,'2012-03-24 00:00:00',NULL,NULL,2),(1683,'0.00',983,NULL,NULL,NULL,'2012-03-25 00:00:00',NULL,NULL,2),(1684,'0.00',984,NULL,NULL,NULL,'2012-03-24 00:00:00',NULL,NULL,2),(1685,'0.00',985,NULL,NULL,NULL,'2012-03-25 00:00:00',1,2,2),(1687,'20.00',987,NULL,NULL,NULL,'2012-02-01 00:00:00',1,1,2),(1688,'7.02',989,NULL,NULL,NULL,'2012-03-28 00:00:00',4,2,2),(1690,'2.00',61,NULL,NULL,NULL,'2012-03-29 00:00:00',23,1,2),(1689,'20.00',987,NULL,NULL,NULL,'2012-03-28 00:00:00',1,1,2),(1692,'9.65',978,NULL,NULL,NULL,'2012-03-28 00:00:00',5,2,2),(1691,'3.25',875,NULL,NULL,NULL,'2012-03-29 00:00:00',5,1,2),(1693,'12.66',990,NULL,NULL,NULL,'2012-03-28 00:00:00',4,2,2),(1697,'8.00',993,NULL,NULL,NULL,'2012-03-29 00:00:00',8,2,2),(1694,'7.75',991,NULL,NULL,NULL,'2012-03-29 00:00:00',5,2,2),(1695,'0.63',13,NULL,NULL,NULL,'2012-03-29 00:00:00',5,1,2),(1696,'1.00',992,NULL,NULL,NULL,'2012-03-29 00:00:00',5,1,2),(1698,'2.90',980,NULL,NULL,NULL,'2012-03-30 00:00:00',5,1,2),(1700,'11.00',26,NULL,NULL,NULL,'2012-03-30 00:00:00',5,2,2),(1699,'90.00',994,NULL,NULL,NULL,'2012-03-30 00:00:00',23,3,2),(1704,'22.00',998,NULL,NULL,NULL,'2012-03-30 00:00:00',8,1,2),(1701,'255.00',971,NULL,NULL,NULL,'2012-03-30 00:00:00',10,3,2),(1702,'4.75',144,NULL,NULL,NULL,'2012-04-02 00:00:00',5,2,2),(1703,'0.00',997,NULL,NULL,NULL,'2012-03-31 00:00:00',8,1,2),(1705,'20.00',999,NULL,NULL,NULL,'2012-03-30 00:00:00',8,1,2),(1706,'1.60',1001,NULL,NULL,NULL,'2012-04-03 00:00:00',5,1,2),(1707,'6.00',780,NULL,NULL,NULL,'2012-04-03 00:00:00',5,2,2),(1708,'4.60',1002,NULL,NULL,NULL,'2012-04-04 00:00:00',5,1,2),(1709,'1.48',1003,NULL,NULL,NULL,'2012-04-04 00:00:00',5,1,2),(1710,'9.40',9,NULL,NULL,NULL,'2012-04-05 00:00:00',5,1,2),(1711,'0.99',1004,NULL,NULL,NULL,'2012-04-05 00:00:00',5,1,2),(1712,'5000.00',1005,NULL,NULL,NULL,'2012-04-01 00:00:00',28,2,3),(1713,'7000.00',1006,NULL,NULL,NULL,'2012-04-01 00:00:00',28,1,3),(1714,'2.05',1008,NULL,NULL,NULL,'2012-04-01 00:00:00',7,2,2),(1715,'5.89',27,NULL,NULL,NULL,'2012-04-01 00:00:00',19,2,2),(1716,'0.55',1009,NULL,NULL,NULL,'2012-04-06 00:00:00',7,2,2),(1717,'15.00',1010,NULL,NULL,NULL,'2012-04-07 00:00:00',8,2,2),(1718,'5.00',1011,NULL,NULL,NULL,'2012-04-01 00:00:00',3,2,2),(1719,'1.95',1012,NULL,NULL,NULL,'2012-04-02 00:00:00',5,1,2),(1720,'4.32',1013,NULL,NULL,NULL,'2012-04-03 00:00:00',19,2,2),(1721,'21.92',27,NULL,NULL,NULL,'2012-04-04 00:00:00',19,2,2),(1722,'5.88',936,NULL,NULL,NULL,'2012-04-05 00:00:00',19,2,2),(1723,'26.98',1014,NULL,NULL,NULL,'2012-04-06 00:00:00',3,2,2),(1724,'5.95',1015,NULL,NULL,NULL,'2012-04-06 00:00:00',19,2,2),(1725,'11.00',1016,NULL,NULL,NULL,'2012-04-07 00:00:00',8,2,2),(1726,'5.40',1017,NULL,NULL,NULL,'2012-04-07 00:00:00',8,2,2),(1727,'0.55',822,NULL,NULL,NULL,'2012-04-08 00:00:00',7,2,2),(1728,'79.90',146,NULL,NULL,NULL,'2012-04-03 00:00:00',10,3,2),(1822,'10.00',247,NULL,NULL,NULL,'2012-04-30 00:00:00',8,1,2),(1730,'7.50',1018,NULL,NULL,NULL,'2012-04-03 00:00:00',23,2,2),(1731,'222.50',1019,NULL,NULL,NULL,'2012-04-02 00:00:00',7,3,2),(1732,'20.00',1020,NULL,NULL,NULL,'2012-04-08 00:00:00',30,1,2),(1733,'0.40',1021,NULL,NULL,NULL,'2012-04-04 00:00:00',5,1,2),(1734,'1.50',1022,NULL,NULL,NULL,'2012-04-09 00:00:00',5,1,2),(1735,'2.80',804,NULL,NULL,NULL,'2012-04-10 00:00:00',5,1,2),(1736,'0.00',32,NULL,NULL,NULL,'2012-04-10 00:00:00',5,2,2),(1737,'1.60',1023,NULL,NULL,NULL,'2012-04-10 00:00:00',3,1,2),(1738,'20.00',1024,NULL,NULL,NULL,'2012-04-10 00:00:00',10,3,2),(1739,'10.00',95,NULL,NULL,NULL,'2012-04-10 00:00:00',13,3,2),(1740,'4.05',804,NULL,NULL,NULL,'2012-04-12 00:00:00',5,1,2),(1741,'2.00',1025,NULL,NULL,NULL,'2012-04-13 00:00:00',5,1,2),(1742,'1.60',1022,NULL,NULL,NULL,'2012-04-16 00:00:00',5,1,2),(1743,'79.90',478,NULL,NULL,NULL,'2012-05-03 00:00:00',10,3,2),(1744,'1.60',1022,NULL,NULL,NULL,'2012-05-03 00:00:00',5,1,2),(1745,'4.50',1030,NULL,NULL,NULL,'2012-05-01 00:00:00',8,1,2),(1746,'16.27',1031,NULL,NULL,NULL,'2012-05-01 00:00:00',22,2,2),(1747,'1.30',1032,NULL,NULL,NULL,'2012-05-01 00:00:00',8,1,2),(1748,'1.05',1033,NULL,NULL,NULL,'2012-05-01 00:00:00',8,1,2),(1749,'7.90',1034,NULL,NULL,NULL,'2012-05-01 00:00:00',8,2,2),(1750,'264.20',1035,NULL,NULL,NULL,'2012-05-02 00:00:00',10,3,2),(1751,'3.73',11,NULL,NULL,NULL,'2012-05-02 00:00:00',5,2,2),(1752,'8.05',986,NULL,NULL,NULL,'2012-05-02 00:00:00',5,4,2),(1753,'14.87',1036,NULL,NULL,NULL,'2012-05-02 00:00:00',19,4,2),(1754,'1.49',1037,NULL,NULL,NULL,'2012-05-02 00:00:00',1,1,2),(1755,'168.42',133,NULL,NULL,NULL,'2012-05-03 00:00:00',15,3,2),(1756,'10.00',95,NULL,NULL,NULL,'2012-05-05 00:00:00',13,3,2),(1757,'15.00',1072,NULL,NULL,NULL,'2012-05-05 00:00:00',11,2,2),(1758,'1.10',914,NULL,NULL,NULL,'2012-05-05 00:00:00',8,2,2),(1759,'5.95',1039,NULL,NULL,NULL,'2012-05-05 00:00:00',8,1,2),(1760,'3.97',1040,NULL,NULL,NULL,'2012-05-05 00:00:00',4,4,2),(1761,'3.20',1070,NULL,NULL,NULL,'2012-05-04 00:00:00',5,1,2),(1762,'9.40',1041,NULL,NULL,NULL,'2012-05-03 00:00:00',5,4,2),(1763,'8.45',1042,NULL,NULL,NULL,'2012-05-04 00:00:00',5,4,2),(1764,'0.63',52,NULL,NULL,NULL,'2012-05-04 00:00:00',5,1,2),(1765,'30.00',1043,NULL,NULL,NULL,'2012-05-05 00:00:00',22,2,2),(1766,'0.55',158,NULL,NULL,NULL,'2012-05-06 00:00:00',8,2,2),(1767,'100.00',1038,NULL,NULL,NULL,'2012-05-01 00:00:00',31,NULL,4),(1768,'3.20',1071,NULL,NULL,NULL,'2012-05-07 00:00:00',5,1,2),(1769,'4.50',1044,NULL,NULL,NULL,'2012-05-07 00:00:00',5,4,2),(1770,'3.38',1045,NULL,NULL,NULL,'2012-05-07 00:00:00',1,4,2),(1771,'8.54',1046,NULL,NULL,NULL,'2012-05-07 00:00:00',4,4,2),(1772,'4.55',1047,NULL,NULL,NULL,'2012-05-08 00:00:00',5,4,2),(1773,'3.80',1048,NULL,NULL,NULL,'2012-05-09 00:00:00',5,4,2),(1774,'7.57',1049,NULL,NULL,NULL,'2012-05-08 00:00:00',19,2,2),(1775,'0.50',1050,NULL,NULL,NULL,'2012-05-09 00:00:00',5,1,2),(1776,'2.50',1051,NULL,NULL,NULL,'2012-05-09 00:00:00',5,1,2),(1777,'10.70',1052,NULL,NULL,NULL,'2012-05-09 00:00:00',1,1,2),(1778,'12.15',1073,NULL,NULL,NULL,'2012-05-10 00:00:00',4,4,2),(1779,'7.66',1054,NULL,NULL,NULL,'2012-05-11 00:00:00',5,4,2),(1780,'0.55',158,NULL,NULL,NULL,'2012-05-12 00:00:00',7,2,2),(1781,'12.72',1055,NULL,NULL,NULL,'2012-05-13 00:00:00',19,4,2),(1782,'1.29',1074,NULL,NULL,NULL,'2012-05-10 00:00:00',1,4,2),(1783,'2.07',1056,NULL,NULL,NULL,'2012-05-11 00:00:00',19,4,2),(1784,'25.00',927,NULL,NULL,NULL,'2012-05-12 00:00:00',11,2,2),(1785,'1.94',1057,NULL,NULL,NULL,'2012-05-13 00:00:00',19,4,2),(1786,'35.00',59,NULL,NULL,NULL,'2012-05-07 00:00:00',10,2,2),(1787,'4.75',144,NULL,NULL,NULL,'2012-05-10 00:00:00',5,2,2),(1788,'10.00',1058,NULL,NULL,NULL,'2012-05-13 00:00:00',7,3,2),(1789,'6.45',131,NULL,NULL,NULL,'2012-05-14 00:00:00',5,4,2),(1790,'0.63',1059,NULL,NULL,NULL,'2012-05-14 00:00:00',5,1,2),(1791,'2.45',1060,NULL,NULL,NULL,'2012-05-14 00:00:00',19,4,2),(1792,'1.60',1022,NULL,NULL,NULL,'2012-05-15 00:00:00',5,1,2),(1793,'7.00',1061,NULL,NULL,NULL,'2012-05-15 00:00:00',5,4,2),(1794,'0.75',1062,NULL,NULL,NULL,'2012-05-15 00:00:00',5,1,2),(1795,'0.99',463,NULL,NULL,NULL,'2012-05-15 00:00:00',5,1,2),(1796,'7.75',1041,NULL,NULL,NULL,'2012-05-16 00:00:00',5,4,2),(1797,'0.99',1063,NULL,NULL,NULL,'2012-05-17 00:00:00',5,4,2),(1798,'6.25',131,NULL,NULL,NULL,'2012-05-18 00:00:00',5,4,2),(1799,'3.12',1036,NULL,NULL,NULL,'2012-05-20 00:00:00',19,4,2),(1800,'1.49',1075,NULL,NULL,NULL,'2012-05-15 00:00:00',19,4,2),(1801,'8.75',664,NULL,NULL,NULL,'2012-05-17 00:00:00',5,4,2),(1802,'8.89',1079,NULL,NULL,NULL,'2012-05-17 00:00:00',19,4,2),(1803,'21.40',1064,NULL,NULL,NULL,'2012-05-18 00:00:00',8,4,2),(1804,'2.61',1065,NULL,NULL,NULL,'2012-05-20 00:00:00',19,4,2),(1805,'2.12',1066,NULL,NULL,NULL,'2012-05-20 00:00:00',19,4,2),(1806,'40.60',902,NULL,NULL,NULL,'2012-05-21 00:00:00',10,3,2),(1807,'3.90',81,NULL,NULL,NULL,'2012-05-21 00:00:00',5,4,2),(1808,'1.80',1067,NULL,NULL,NULL,'2012-05-21 00:00:00',5,1,2),(1809,'2.17',1068,NULL,NULL,NULL,'2012-05-21 00:00:00',19,2,2),(1810,'1.23',1069,NULL,NULL,NULL,'2012-05-21 00:00:00',19,4,2),(1811,'0.63',92,NULL,NULL,NULL,'2012-05-10 00:00:00',5,1,2),(1812,'2.30',804,NULL,NULL,NULL,'2012-05-11 00:00:00',5,NULL,2),(1813,'0.90',1076,NULL,NULL,NULL,'2012-05-12 00:00:00',8,1,2),(1814,'0.44',1077,NULL,NULL,NULL,'2012-05-16 00:00:00',19,1,2),(1815,'0.13',1078,NULL,NULL,NULL,'2012-05-16 00:00:00',19,1,2),(1816,'1.80',1067,NULL,NULL,NULL,'2012-05-17 00:00:00',5,1,2),(1817,'0.55',822,NULL,NULL,NULL,'2012-05-19 00:00:00',8,2,2),(1818,'1.80',1067,NULL,NULL,NULL,'2012-05-18 00:00:00',5,1,2),(1819,'2.55',1000,NULL,NULL,NULL,'2012-05-18 00:00:00',8,1,2),(1820,'2.05',1007,NULL,NULL,NULL,'2012-05-20 00:00:00',8,1,2),(1821,'0.55',83,NULL,NULL,NULL,'2012-05-20 00:00:00',8,2,2),(1823,'5.00',1080,NULL,NULL,NULL,'2012-05-05 00:00:00',8,1,2),(1824,'8.00',1081,NULL,NULL,NULL,'2012-05-22 00:00:00',5,2,2),(1825,'1.80',1067,NULL,NULL,NULL,'2012-05-22 00:00:00',5,1,2),(1826,'4.07',1082,NULL,NULL,NULL,'2012-05-23 00:00:00',19,2,2),(1827,'5.21',1083,NULL,NULL,NULL,'2012-05-22 00:00:00',19,2,2),(1828,'5.00',1084,NULL,NULL,NULL,'2012-05-23 00:00:00',5,2,2),(1829,'21.74',1086,NULL,NULL,NULL,'2012-05-24 00:00:00',3,3,2),(1830,'3.89',919,NULL,NULL,NULL,'2012-05-23 00:00:00',19,2,2),(1831,'7.10',896,NULL,NULL,NULL,'2012-05-24 00:00:00',5,2,2),(1832,'5.00',461,NULL,NULL,NULL,'2012-05-01 00:00:00',33,2,5),(1833,'2.00',1087,NULL,NULL,NULL,'2012-05-01 00:00:00',33,1,5),(1834,'10.00',1088,NULL,NULL,NULL,'2012-05-02 00:00:00',34,3,5),(1835,'45.00',1090,NULL,NULL,NULL,'2012-05-25 00:00:00',8,1,2),(1836,'1.55',1007,NULL,NULL,NULL,'2012-05-25 00:00:00',7,1,2),(1837,'7.15',337,NULL,NULL,NULL,'2012-05-25 00:00:00',5,2,2),(1838,'0.63',838,NULL,NULL,NULL,'2012-05-25 00:00:00',5,1,2),(1839,'5.00',1091,NULL,NULL,NULL,'2012-05-25 00:00:00',23,2,2),(1840,'14.00',1092,NULL,NULL,NULL,'2012-05-25 00:00:00',8,2,2),(1841,'3.00',1093,NULL,NULL,NULL,'2012-05-26 00:00:00',8,1,2),(1842,'2.05',1094,NULL,NULL,NULL,'2012-05-27 00:00:00',7,1,2),(1843,'3.25',1095,NULL,NULL,NULL,'2012-05-27 00:00:00',7,1,2),(1844,'3.90',81,NULL,NULL,NULL,'2012-05-28 00:00:00',5,2,2),(1845,'0.63',1096,NULL,NULL,NULL,'2012-05-28 00:00:00',5,1,2),(1846,'3.20',1071,NULL,NULL,NULL,'2012-05-29 00:00:00',5,1,2),(1847,'4.90',12,NULL,NULL,NULL,'2012-05-29 00:00:00',5,2,2),(1848,'3.09',1097,NULL,NULL,NULL,'2012-05-30 00:00:00',5,2,2),(1849,'20.00',1098,NULL,NULL,NULL,'2012-05-24 00:00:00',10,1,2),(1850,'6.00',9,NULL,NULL,NULL,'2012-05-30 00:00:00',5,2,2),(1851,'0.63',838,NULL,NULL,NULL,'2012-05-30 00:00:00',5,1,2),(1852,'10.06',936,NULL,NULL,NULL,'2012-05-30 00:00:00',19,2,2),(1853,'19.24',1099,NULL,NULL,NULL,'2012-05-30 00:00:00',1,2,2),(1854,'0.63',838,NULL,NULL,NULL,'2012-05-31 00:00:00',5,1,2),(1855,'79.90',478,NULL,NULL,NULL,'2012-06-04 00:00:00',10,3,2),(1856,'3.80',1048,NULL,NULL,NULL,'2012-06-04 00:00:00',5,2,2),(1857,'6.55',780,NULL,NULL,NULL,'2012-06-01 00:00:00',5,2,2),(1858,'2.35',1100,NULL,NULL,NULL,'2012-06-02 00:00:00',19,2,2),(1859,'35.00',59,NULL,NULL,NULL,'2012-06-03 00:00:00',10,2,2),(1860,'10.00',95,NULL,NULL,NULL,'2012-06-02 00:00:00',10,3,2),(1861,'2.44',1101,NULL,NULL,NULL,'2012-06-02 00:00:00',8,2,2),(1862,'4.05',1111,NULL,NULL,NULL,'2012-06-02 00:00:00',8,2,2),(1863,'1.94',1103,NULL,NULL,NULL,'2012-06-03 00:00:00',19,2,2),(1864,'245.43',1104,NULL,NULL,NULL,'2012-05-31 00:00:00',10,3,2),(1865,'4.84',1036,NULL,NULL,NULL,'2012-05-31 00:00:00',2,2,2),(1866,'1.00',1105,NULL,NULL,NULL,'2012-06-06 00:00:00',19,1,2),(1867,'2.05',1106,NULL,NULL,NULL,'2012-06-05 00:00:00',8,1,2),(1868,'10.00',1107,NULL,NULL,NULL,'2012-06-05 00:00:00',8,1,2),(1869,'28.00',1108,NULL,NULL,NULL,'2012-06-05 00:00:00',36,1,2),(1870,'2.05',1109,NULL,NULL,NULL,'2012-06-05 00:00:00',8,1,2),(1871,'4.99',1110,NULL,NULL,NULL,'2012-06-05 00:00:00',19,2,2),(1872,'5.17',1120,NULL,NULL,NULL,'2012-06-06 00:00:00',4,2,2),(1873,'7.47',1113,NULL,NULL,NULL,'2012-06-06 00:00:00',1,2,2),(1874,'9.00',1114,NULL,NULL,NULL,'2012-06-06 00:00:00',22,2,2),(1875,'14.80',1115,NULL,NULL,NULL,'2012-06-06 00:00:00',22,2,2),(1876,'4.99',1116,NULL,NULL,NULL,'2012-06-06 00:00:00',22,2,2),(1877,'4.52',1117,NULL,NULL,NULL,'2012-06-06 00:00:00',22,2,2),(1878,'2.76',1118,NULL,NULL,NULL,'2012-06-06 00:00:00',3,2,2),(1879,'1.10',914,NULL,NULL,NULL,'2012-06-03 00:00:00',8,2,2),(1880,'2.20',1119,NULL,NULL,NULL,'2012-06-02 00:00:00',3,1,2),(1881,'10.00',1038,NULL,NULL,NULL,'2012-06-07 00:00:00',11,2,2),(1882,'10.00',1038,NULL,NULL,NULL,'2012-06-08 00:00:00',11,2,2),(1883,'4.50',1121,NULL,NULL,NULL,'2012-06-08 00:00:00',8,1,2),(1884,'11.90',1122,NULL,NULL,NULL,'2012-06-07 00:00:00',8,3,2),(1885,'-5.00',1123,NULL,NULL,NULL,'2012-06-07 00:00:00',8,1,2),(1886,'2.00',1124,NULL,NULL,NULL,'2012-06-07 00:00:00',8,1,2),(1887,'63.24',1125,NULL,NULL,NULL,'2012-06-11 00:00:00',23,1,2),(1888,'4.17',1126,NULL,NULL,NULL,'2012-06-11 00:00:00',19,2,2),(1889,'10.00',1038,NULL,NULL,NULL,'2012-06-10 00:00:00',11,2,2),(1890,'0.00',1127,NULL,NULL,NULL,'2012-06-07 00:00:00',2,NULL,2),(1891,'0.00',835,NULL,NULL,NULL,'2012-06-07 00:00:00',2,NULL,2),(1892,'2.55',1128,NULL,NULL,NULL,'2012-06-08 00:00:00',7,2,2),(1893,'20.00',1129,NULL,NULL,NULL,'2012-06-12 00:00:00',8,1,2),(1894,'15.00',1130,NULL,NULL,NULL,'2012-06-11 00:00:00',8,1,2),(1895,'4.85',835,NULL,NULL,NULL,'2012-06-13 00:00:00',19,2,2),(1896,'8.95',1131,NULL,NULL,NULL,'2012-06-13 00:00:00',8,2,2),(1897,'1.22',1132,NULL,NULL,NULL,'2012-06-13 00:00:00',1,2,2),(1898,'5.45',1133,NULL,NULL,NULL,'2012-06-15 00:00:00',5,4,2),(1899,'13.95',1120,NULL,NULL,NULL,'2012-06-15 00:00:00',4,4,2),(1900,'4.03',853,NULL,NULL,NULL,'2012-06-14 00:00:00',19,2,2),(1901,'5.00',39,NULL,NULL,NULL,'2012-06-15 00:00:00',8,1,2),(1902,'8.00',1134,NULL,NULL,NULL,'2012-06-16 00:00:00',8,1,2),(1903,'10.00',1038,NULL,NULL,NULL,'2012-06-17 00:00:00',11,2,2),(1904,'0.55',158,NULL,NULL,NULL,'2012-06-16 00:00:00',7,2,2),(1905,'0.55',158,NULL,NULL,NULL,'2012-06-17 00:00:00',7,2,2),(1906,'3.90',22,NULL,NULL,NULL,'2012-06-18 00:00:00',5,2,2),(1907,'3.06',853,NULL,NULL,NULL,'2012-06-18 00:00:00',19,4,2),(1908,'6.50',1081,NULL,NULL,NULL,'2012-06-19 00:00:00',5,4,2),(1909,'9.96',1135,NULL,NULL,NULL,'2012-06-20 00:00:00',19,4,2),(1910,'39.90',1136,NULL,NULL,NULL,'2012-06-20 00:00:00',1,4,2),(1911,'6.45',131,NULL,NULL,NULL,'2012-06-21 00:00:00',5,4,2),(1912,'0.63',838,NULL,NULL,NULL,'2012-06-21 00:00:00',5,1,2),(1913,'3.90',81,NULL,NULL,NULL,'2012-06-22 00:00:00',5,4,2),(1914,'4.15',1137,NULL,NULL,NULL,'2012-06-23 00:00:00',19,4,2),(1922,'7.50',95,NULL,NULL,NULL,'2012-06-24 00:00:00',13,3,2),(1916,'4.60',81,NULL,NULL,NULL,'2012-06-25 00:00:00',5,4,2),(1917,'6.50',32,NULL,NULL,NULL,'2012-06-26 00:00:00',5,4,2),(1918,'6.00',131,NULL,NULL,NULL,'2012-06-27 00:00:00',5,4,2),(1919,'0.63',92,NULL,NULL,NULL,'2012-06-26 00:00:00',5,1,2),(1920,'0.63',92,NULL,NULL,NULL,'2012-06-27 00:00:00',5,1,2),(1921,'4.10',1138,NULL,NULL,NULL,'2012-06-24 00:00:00',8,2,2),(1923,'10.00',1139,NULL,NULL,NULL,'2012-06-24 00:00:00',8,1,2),(1924,'1.60',1022,NULL,NULL,NULL,'2012-06-28 00:00:00',5,1,2),(1925,'5.98',903,NULL,NULL,NULL,'2012-06-29 00:00:00',4,4,2),(1926,'3.00',1140,NULL,NULL,NULL,'2012-06-28 00:00:00',22,1,2),(1927,'3.90',81,NULL,NULL,NULL,'2012-06-28 00:00:00',5,4,2),(1928,'7.00',1141,NULL,NULL,NULL,'2012-06-28 00:00:00',8,4,2),(1929,'3.72',1142,NULL,NULL,NULL,'2012-06-28 00:00:00',1,4,2),(1930,'1.95',1143,NULL,NULL,NULL,'2012-06-28 00:00:00',19,4,2),(1931,'6.70',15,NULL,NULL,NULL,'2012-06-29 00:00:00',5,1,2),(1932,'10.00',1038,NULL,NULL,NULL,'2012-06-29 00:00:00',11,2,2),(1933,'23.64',1120,NULL,NULL,NULL,'2012-06-30 00:00:00',4,2,2),(1934,'3.40',1144,NULL,NULL,NULL,'2012-06-30 00:00:00',1,2,2),(1935,'6.55',1081,NULL,NULL,NULL,'2012-07-02 00:00:00',5,4,2),(1936,'266.00',1145,NULL,NULL,NULL,'2012-07-02 00:00:00',10,3,2),(1937,'1.26',1146,NULL,NULL,NULL,'2012-07-03 00:00:00',5,1,2),(1938,'1.00',1105,NULL,NULL,NULL,'2012-07-04 00:00:00',19,1,2),(1939,'1.75',1147,NULL,NULL,NULL,'2012-07-04 00:00:00',5,4,2),(1940,'0.63',92,NULL,NULL,NULL,'2012-07-04 00:00:00',5,1,2),(1941,'3.33',1148,NULL,NULL,NULL,'2012-07-04 00:00:00',5,1,2),(1942,'1.00',1105,NULL,NULL,NULL,'2012-07-05 00:00:00',19,1,2),(1943,'79.90',146,NULL,NULL,NULL,'2012-07-03 00:00:00',10,3,2),(1944,'5.00',1091,NULL,NULL,NULL,'2012-07-06 00:00:00',23,2,2),(1945,'8.00',1149,NULL,NULL,NULL,'2012-07-06 00:00:00',8,4,2),(1946,'5.00',1150,NULL,NULL,NULL,'2012-07-06 00:00:00',8,1,2),(1947,'11.82',27,NULL,NULL,NULL,'2012-07-05 00:00:00',19,4,2),(1948,'10.00',1038,NULL,NULL,NULL,'2012-07-07 00:00:00',11,2,2),(1949,'10.00',535,NULL,NULL,NULL,'2012-07-07 00:00:00',7,1,2),(1950,'3.60',1151,NULL,NULL,NULL,'2012-07-07 00:00:00',4,1,2),(1951,'1.40',1152,NULL,NULL,NULL,'2012-07-07 00:00:00',8,1,2),(1952,'7.75',1153,NULL,NULL,NULL,'2012-07-08 00:00:00',8,2,2),(1953,'35.00',874,NULL,NULL,NULL,'2012-07-09 00:00:00',10,2,2),(1954,'6.00',1154,NULL,NULL,NULL,'2012-07-08 00:00:00',8,1,2),(1955,'8.50',179,NULL,NULL,NULL,'2012-07-09 00:00:00',5,4,2);
/*!40000 ALTER TABLE `gastosapp_spending` ENABLE KEYS */;
UNLOCK TABLES;

--
-- Table structure for table `gastosapp_spendingdescription`
--

DROP TABLE IF EXISTS `gastosapp_spendingdescription`;
/*!40101 SET @saved_cs_client     = @@character_set_client */;
/*!40101 SET character_set_client = utf8 */;
CREATE TABLE `gastosapp_spendingdescription` (
  `id` int(11) NOT NULL AUTO_INCREMENT,
  `description` varchar(200) NOT NULL,
  PRIMARY KEY (`id`)
) ENGINE=MyISAM AUTO_INCREMENT=1155 DEFAULT CHARSET=latin1;
/*!40101 SET character_set_client = @saved_cs_client */;

--
-- Dumping data for table `gastosapp_spendingdescription`
--

LOCK TABLES `gastosapp_spendingdescription` WRITE;
/*!40000 ALTER TABLE `gastosapp_spendingdescription` DISABLE KEYS */;
INSERT INTO `gastosapp_spendingdescription` VALUES (1,'compras casa'),(2,'tampoes joana (pagou-me em dinheiro)'),(3,'compras casa minipreco'),(4,'tampoes joana minipreco (pagou-me em dinheiro) 6.18'),(5,'licenca JetBrains PyCharm'),(6,'lencos minipreco'),(7,'almoco go natural massa+sumo+sobremesa'),(8,'cafe -- cafe do ponto'),(9,'almoco pastas plaza'),(10,'pastel nata panificadora'),(11,'pequeno almoco square cafe'),(12,'almoco panificadora mecanica + chocolate'),(13,'decaf amoreiras'),(14,'tarte amendoa escritorio'),(15,'almoco jardim das amoreiras'),(16,'decaf jardim das amoreiras'),(17,'refeicao metro 7 rios joana'),(18,'teste'),(19,'almoco galula'),(20,'pequeno almoco granada'),(21,'massa jumbo amoreiras jantar'),(22,'almoco panificadora'),(23,'crema para maos jumbo amoreiras'),(24,'jantar + caridade jumbo amoreiras'),(25,'caridade jumbo amoreiras'),(26,'almoco indiano natraj'),(27,'compras pingo doce alameda'),(28,'cinema alvalaxia, &amp;amp;amp;amp;amp;amp;amp;amp;amp;amp;quot;a rede social&amp;amp;amp;amp;amp;amp;amp;amp;amp;amp;quot;, com desconto'),(29,'jantar alvalaxia, esparguete bolonhesa'),(30,'sandes escritorio'),(31,'descaf amoreiras cc'),(32,'almoco shoarma amoreiras cc'),(33,'jornal i s.pedro'),(34,'doacao wikipedia'),(35,'portagem A5 sentido cascais'),(36,'mac oeiras'),(37,'number 2'),(38,'quinita corte'),(39,'bebidas bairro'),(40,'jantar argentino bairro &amp;amp;amp;amp;amp;amp;amp;amp;amp;amp;#39;el ultimo tango&amp;amp;amp;amp;amp;amp;amp;amp;amp;amp;#39;'),(41,'caracol no escritorio'),(42,'cafe s.pedro girasol'),(43,'almoco, fresco, amoreiras cc'),(44,'jornal i'),(45,'descaf amoreiras c'),(46,'almoco vitaminas plaza'),(47,'pao pingo doce cais sodre'),(48,'descaf + gelado amoreiras cc'),(49,'almoco grab n go plaza'),(50,'cafe cais sodre bita bota'),(51,'revista visao + livro'),(52,'cafe amoreiras cc'),(53,'almoco plaza, vitaminas'),(54,'garden, carioca de limao'),(55,'portagem'),(56,'jantar nas caldas, anos da pig'),(57,'paintball: participacao + bolas extra'),(58,'almoco plaza, massas'),(59,'passe'),(60,'descafeinado amoreiras cc'),(61,'vacinas'),(62,'almoco cantina ja fumega'),(63,'estacionamento'),(64,'hospital'),(65,'bilhete autocarro mae'),(66,'mousse de manga, vitaminas plaza'),(67,'almoco, panificadora industrial'),(68,'caracol escritorio'),(69,'pestana agua com gas'),(70,'hamburger roulote em frente ao lux (?)'),(71,'jantar casa do kabir mais parte do tok'),(72,'gasolina BP s.pedro, 20lt, 1.429eur/lt, menos desconto 1.20'),(73,'almoco vitaminas cascaisshopping'),(74,'compras no chines: canetas, caixas slim, cake 10 dvd, cake 25 cd'),(75,'almoco ja fomega'),(76,'pequeno almoco cais sodre bita bota'),(77,'pagamento wikipedia'),(78,'almoco massas amoreiras cc'),(79,'garden capucino + irish cofee susana'),(80,'cafe sical amoreiras cc'),(81,'almoco panificadora mecanica'),(82,'prenda dona clarice'),(83,'portagem A5 carcavelos sentido cascais'),(84,'portagem loures'),(85,'gasolina BP s.pedro, 14.04lt, 1.425 eur lt'),(86,'compras no chines: pilhas + lacos'),(87,'contas me: vacina + prenda tia'),(88,'pao de deus panificadora mecanica'),(89,'cafe amoreiras cc (sical)'),(90,'peq almoo alameda linhas torres'),(91,'cafe girasol s.pedro'),(92,'decaf amoreiras cc'),(93,'pequeno almoco escritorio'),(94,'jantar despedida luis anjos etc, restaurante novo edmundo pontinha'),(95,'telemovel'),(96,'decaf plaza'),(97,'pequeno almoco s.pedo girasol'),(98,'compra prenda tia, cafeteira worten oeiras park'),(99,'prenda mafalda, cachecol natura oeiras park'),(100,'prenda sofia, almofada anti-stress natura oeiras park'),(101,'prenda sr. americo, garrafa vinho dao, continente oeiras parque'),(102,'anos kabir kapital'),(103,'anos kabir jantar, restaurante ali-a-papa no bairro'),(104,'kompensan farmacia oeiras park'),(105,'creme maos continente oeiras park'),(106,'prenda rui, intimissimi oeiras park'),(107,'sr. ramalho'),(108,'lanche escritorio'),(109,'almoco garden burguer amoreiras cc'),(110,'almoco mexicano amoreiras cc'),(111,'peq almoco cais sodre bita bota'),(112,'almoco chimarrao amoreiras cc'),(113,'paes de passas s.pedro girasol'),(114,'almoco amoreiras cc fresco'),(115,'hamburgueres nas rolotes'),(116,'bebidas (?)'),(117,'jantar anos not &amp;amp;amp;amp;quot;canas&amp;amp;amp;amp;quot;'),(118,'ida para as caldas'),(119,'prenda luis opensoft'),(120,'lanche cais sodre bitabota'),(121,'prenda avo hussel cascaishopping: caixa + kit senior'),(122,'prendas fnac cascaishopping: prenda joao e j.carlos a vida e bela, prenda avo livro comer orar e amar, menos desconto livro'),(123,'croiessant bita bota cais sodre'),(124,'mae roupa e revista'),(125,'lanche (?)'),(126,'comprimidos, farmacia perto opensoft'),(127,'peq almoco perto da cgd'),(128,'bairro com kuba, su, dani e alemas (?), incluindo os favaitos no bar dos discos, morangoskas .5lt'),(129,'jantar rua do duque'),(130,'mousse manga vitaminas plaza'),(131,'almoco pasta house plaza'),(132,'pequeno almoo, bita bota cais sodre'),(133,'seguro carro'),(134,'despesas varias porto, estimativa (?)'),(135,'lanche fundaao serralves (?)'),(136,'porto almoo casa da musica, menu + cafe'),(137,'bebidas noite: bar 77 + festa hostel (?)'),(138,'jantar no porto no restaurante ao pe da casa da patricia'),(139,'cha com a diana (?)'),(140,'almoco no porto: francesinha (?)'),(141,'porto, bar rendezvous/lock'),(142,'jantar a caminho do porto em albergaria'),(143,'croiessant panificadora'),(144,'almoco star feito plaza'),(145,'peq almoo escritorio'),(146,'holmes place'),(147,'passe combinado'),(148,'almoco serra da estrela'),(149,'jornal publico s.pedro'),(150,'viagem istambul'),(151,'estacionamento largo camoes'),(152,'jantar koni chiado'),(153,'portagem A5 sentido lx'),(154,'empada de atum no metro'),(155,'almoco ihru'),(156,'pequeno almoco cais sodre, metro'),(157,'cartao micro-SD 8GB leclerc'),(158,'portagem A5 carcavelos'),(159,'ajudas casa'),(160,'baluarte'),(161,'gasolina total cascais, 17.37lt, 1.439eur/lt'),(162,'pequeno almoco bita bota'),(163,'pequeno almoco s.pedro girasol (?)'),(164,'almoco joshuas shoarma amoreiras cc'),(165,'pequeno almoco bita bota cais sodre'),(166,'peq almoco bita bota cais sodre'),(167,'jantar sandes cascais villa'),(168,'hostel bratislava'),(169,'kfc cascaisshopping: mini fillet + agua'),(170,'mais pita pro mini'),(171,'pitas para guilhas e mini'),(172,'hamburguer'),(173,'bebidas 2001'),(174,'quinita'),(175,'gasolina bp s.pedro 10.14lt, 1.479 eur/lt'),(176,'almoco joshua&amp;amp;amp;amp;amp;amp;amp;amp;amp;#39;s shoarma amoreiras cc'),(177,'cafe plaza'),(178,'viagem budapest'),(179,'almoco tapas amoreiras cc'),(180,'lanche + emprestei 1 eur ao simao'),(181,'peq almoco bita bota'),(182,'almoco H3 plaza'),(183,'compras continente: gomas, agua, extensao electrica'),(184,'casaco zara'),(185,'almoco mac cascaisshopping mafalda'),(186,'mac oeiras (?)'),(187,'emprestei dinheiro ao guilhas e nao o volto a ver'),(188,'bebidas na festa (?)'),(189,'entrada festa drum n bass'),(190,'salao de jogos emece'),(191,'gasolina bp estoril, 6.81lt, 1.469eur/lt'),(192,'almoco frescco amoreiras cc'),(193,'croissant'),(194,'compras pingo doce cais sodre, pao escuro + adocante'),(195,'peq almoco s.pedro ponta do sal guilhas'),(196,'almoco panificadora mecanica (aumentou)'),(197,'bar da lata, caipiblack+tosta'),(198,'cervejas lima&amp;amp;amp;amp;amp;amp;amp;amp;amp;amp;#39;s bar'),(199,'queque cais sodre bitabota'),(200,'pequeno almoco hospital pulido valente'),(201,'extensao seguro logo quebra isolada de vidros'),(202,'roupa mae'),(203,'ajudas de custo fct'),(204,'portagem A5 carcavelos sentdo cascais'),(205,'portagem 25 abril'),(206,'cafes edificio 2 fct'),(207,'almoco cantina fct'),(208,'portagem A5 carcavelos sentido lx'),(209,'tripe leclerc'),(210,'sandes KFC cascais shopping'),(211,'lanche ihru'),(212,'cafe xpto'),(213,'pequeno almoco s.pedro girasol'),(214,'prenda mae avo'),(215,'pequeno almoco metro c.sodre'),(216,'jantar marina de oeiras peter&amp;amp;amp;amp;amp;amp;amp;amp;amp;amp;#39;s tania'),(217,'pequeno almoco cais sodre metro'),(218,'pequeno almoco girasol s.pedro'),(219,'peq almoco cais sodre metro'),(220,'peq almoco s.pedro'),(221,'impressora sofia + tinteiro'),(222,'bartolomeu praia das macas'),(223,'ch ihru'),(224,'estacionamento holmes place amoreiras'),(225,'iogurte ihru (?)'),(226,'peq almoco ihru'),(227,'portagem A5 carcavelos sentido lx (greve)'),(228,'gasolina BP s.pedro 13.81lt, 1.449eur/lt'),(229,'estacionamento amoreiras'),(230,'vacinas pulido valente'),(231,'pequeno almoco avenida linhas de torres'),(232,'pequeno almoco xpto'),(233,'passaporte loja do cidadao rstauradores'),(234,'bairro (?)'),(235,'hamburger carcavelos + agua'),(236,'clube 2001, bebidas'),(237,'limas bar, cerveja'),(238,'bolo girasol s. pedro'),(239,'pequeno almoco ihru'),(240,'portagem A5 carcavelos sentido lisboa (greve comboios)'),(241,'garrafa de agua xpto'),(242,'bolo ihru'),(243,'pequeno almoco cais sodre bita bota (greve metro!)'),(244,'sobretudo C e A cascaishopping'),(245,'fruta no vitaminas cascaishopping'),(246,'gasolina cepsa cascais, 14.09lt, 1.429eur/lt'),(247,'bebidas bairro (?)'),(248,'jantar companhia_das_sandes villa'),(249,'compras continente cascaisshopping: laminas + 2xmeias + cinto'),(250,'quinita laser ombros'),(251,'almoco, el corte ingles, go natural'),(252,'lanche ihru (bolo + ch)'),(253,'pequeno almoco cais sodre'),(254,'jantar chines despedida su'),(255,'decaf xpto  cafe marco'),(256,'lanche ihru (?)'),(257,'gasolina BP s.pedro, 20lt, 1.529eur/lt'),(258,'consulta alerguias pulido valente'),(259,'jornal i s.pedro estoril'),(260,'taxi escritorio'),(261,'cafe + cafe madalena'),(262,'jantar cascaisshopping KFC'),(263,'telemovel tania'),(264,'hamburguer roulote carcavelos'),(265,'discoteca one'),(266,'jantar mafalda'),(267,'jantar LEI escondidinho da curva'),(268,'solero ihru'),(269,'pequeno almco ihru'),(270,'gasolina marginal oeiras 1.559 eur /lt'),(271,'almoco massas plaza'),(272,'pequeno almoco praca alegria (?)'),(273,'jantar H3 chiado'),(274,'pousada'),(275,'pequeno almoco xpto (greve)'),(276,'cornetto ihru'),(277,'lencos papel chines colombano'),(278,'troca camisola zara cascaisshopping'),(279,'gelados em cascais'),(280,'desodorisante continente cascaishopping'),(281,'prendas pai: 3.49 no continente, 9.98 hussel'),(282,'gasolina sintra beloura galp pagamento automatico 10lt'),(283,'bar tolomeu'),(284,'jantar claudia chines sintra'),(285,'jantar karma carcavelos'),(286,'cafe xpto + marco'),(287,'pequeno almoco alcantara (greve metro)'),(288,'gelado hagen dazs corte ingles'),(289,'almoco corte ingles casa das sandes'),(290,'bar piper&amp;amp;amp;amp;amp;amp;amp;amp;amp;#39;s cascais, hamburger e agua'),(291,'moinho d. quixote, bar cabo da roca'),(292,'gasolina BP S.pedro estoril, 10lt, 1.529eur/lt'),(293,'bebidas bar-tolomeu (tania pagou 5)'),(294,'mousse vitaminas cascaisshopping'),(295,'gasolina BP s.pedro, 10lt, 1.529eur/lt'),(296,'queque cais sodre'),(297,'jantar marina de oeiras (tania pagou 5)'),(298,'pequeno almoco s.pedro'),(299,'lanche boca do inferno'),(300,'bilhete comboio cais sodre pra cascais'),(301,'bebidas bairro alto'),(302,'estacionamento villa (?)'),(303,'entrada rock n&amp;amp;amp;amp;amp;amp;amp;amp;amp;amp;amp;amp;amp;amp;amp;amp;amp;amp;#39; shots (?)'),(304,'cerveja beafeater'),(305,'jantar villa (?)'),(306,'bar da lata (?)'),(307,'gelado santini (?)'),(308,'entrada docas'),(309,'gelado ihru'),(310,'decaf xpto'),(311,'fados tasca do chico'),(312,'jantar solar do duque marina'),(313,'jantar praia de carcavelos'),(314,'bilhete autocarro scotturb'),(315,'bebidas bairro alto (?)'),(316,'jantar marina de oeiras'),(317,'magnum ihru'),(318,'gasolina BP s.pedro 13lt 1.539eur/lt'),(319,'folhado maca cais sodre'),(320,'jantar cascaisvilla'),(321,'almoco sabor mineiro'),(322,'hamburger jardim da cerveja'),(323,'bar da lata marina, cerveja e tosta'),(324,'pequeno almoco xpto (?)'),(325,'jantar mac oeiras'),(326,'almoco yes'),(327,'jantar marina oeiras (tania pagou 2)'),(328,'quinita laser'),(329,'gelatina com iogurte vitaminas cascaisshopping'),(330,'Lux entrada mais a do bacalhau'),(331,'jantar guilhas dona mena'),(332,'C&amp;amp;amp;amp;amp;amp;amp;amp;amp;amp;amp;amp;amp;amp;amp;amp;amp;amp;amp;A camisas'),(333,'gravatas continente'),(334,'sapatos C&amp;amp;amp;amp;amp;amp;amp;amp;amp;amp;amp;amp;amp;amp;amp;amp;amp;amp;amp;amp;amp;A'),(335,'cafes xpto eu+marco'),(336,'donut cais sodre metro'),(337,'almoco vitaminas amoreiras cc'),(338,'queque escritorio'),(339,'imperial bairro alto (cepa torta)'),(340,'cafes s.pedro girasol'),(341,'livro escrita creativa, feira do livro cais sodre'),(342,'jornal negocios cais sodre'),(343,'almoco plaza grab n go'),(344,'consulta hospital cascais fisioterapia'),(345,'estacionamento hospital'),(346,'entrada festa atheneu'),(347,'habibi bar chicha + cha ateneu'),(348,'estacionamento rossio'),(349,'jantar em frente a casa do cita'),(350,'bairro alto'),(351,'escovas carro'),(352,'gasolina -- atestar, 55litros, 1.361eur/lt, repsol parede'),(353,'pequeno almoco no escritorio: queque de chocolate + iogurte'),(354,'almoco indiano'),(355,'holmes novembro'),(356,'portagem (+50cent cairam pra baixo do carro)'),(357,'parqueamento'),(358,'almoco: francesinha no galula'),(359,'almoco grabngo plaza'),(360,'compras de natal na fnac cascaisshopping: muse origin of symetry, absolution, michael jackson, 30 seconds to mars, oferta de 1 cd, dvd depeche mode paula, menos desconto dias aderente'),(361,'bar templarios'),(362,'cheese mac oeiras'),(363,'arrumador cais sodre'),(364,'jantar anos cita, indiano largo do carmo'),(365,'bairro alto (?)'),(366,'troca das escovas no roady'),(367,'prenda not lapis'),(368,'prenda pai livro'),(369,'mousse maracuja vitaminas cascaishopping'),(370,'sandes pequeno almoco escritorio'),(371,'folhado maca pingo doce cais sodre'),(372,'escritorio, pao de leite com queijo'),(373,'bairro'),(374,'paes com passas, girassol, s.pedro'),(375,'almoco vitaminas, plaza'),(376,'cafe + gelado amoreiras'),(377,'merenda'),(378,'jantar amoreiras'),(379,'gelado amoreiras'),(380,'bolachas pao de acucar amoreiras'),(381,'entrada arraial IST'),(382,'almoco vitaminas cascais shopping'),(383,'garrafa agua'),(384,'conjunto pesos sport zone cascaishopping'),(385,'gasolina, BP s.pedro, 14.61lt, 1.369eur/lt'),(386,'cafe bomba BP s.pedro'),(387,'jantar solar do duque com o tok'),(388,'pao de deus + cafe, cais do sodre, bita bota'),(389,'bilhete autocarro carris, 758, do cais para amoreiras'),(390,'almoco na panificacao mecanica, meia dose de carne mais uma agua'),(391,'jantar paulinho + cerveja'),(392,'number two'),(393,'garden carioca limao'),(394,'passe 30dias metro/cp/carris, comprado em s.pedro na maquina'),(395,'almoco vitaminas amoreiras plaza'),(396,'descafeinado amoreiras plaza'),(397,'tarte de limao, escritorio'),(398,'almoco grab n&amp;amp;amp;amp;amp;amp;amp;amp;amp;amp;amp;amp;amp;amp;amp;amp;#39; go amoreiras plaza'),(399,'descafeinado plaza'),(400,'pao de deus com queijo, escritorio'),(401,'peq almoco cais sodre, bita bota, pao deus c manteiga + cafe + caracol'),(402,'almoco amoreiras cc, canas e tapas, lombo de porco'),(403,'recepcao caloiro UAL - entrada'),(404,'recepcao caloiro UAL - bebidas (~)'),(405,'cheese + caixa de 4 - macdonalds oeiras'),(406,'gasolina BP s.pedro 14.5 lt, 1.379eur/lt'),(407,'attic coca cola'),(408,'attic rodada de minis mas nao para mim'),(409,'mac oeiras cheese natura'),(410,'agua 33 + salada frutas -- companhia das sandes cascais villa'),(411,'almoco amoreiras plaza vitaminas'),(412,'cafe + gelado -- amoreiras cc'),(413,'bolachas chips ahoy -- jumbo amoreiras cc'),(414,'peq almoco cais sodre bita bota, pao de deus com manteiga + cha verde + cafe'),(415,'almoco papa pura cc amoreiras'),(416,'descafeinado cc amoreiras'),(417,'jantar, buffet + agua, fogo de chao em cascais'),(418,'almoco: alheira no starfeito amoreiras plaza'),(419,'cafe no grab n go amoreiras plaza'),(420,'pequeno almoco no cais sodre bita bota -- pao de deus com manteiga + galao'),(421,'almoco H3 cheese amoreiras plaza'),(422,'descafeinado, amoreiras plaza'),(423,'taxi, deslocacao amoreiras para o ihru'),(424,'portagem A5, sentido lisboa'),(425,'jantar parque das nacoes com o tok, salada de frango'),(426,'peq almoco cais sodre, andar medio, pao deus manteiga+cafe+agua0.5'),(427,'almoco ihru, entremeada'),(428,'cafe colombano'),(429,'gasolina, galp S. Domingos de Rana'),(430,'portagem A5 sentido lisboa'),(431,'macieira charrua caldas'),(432,'hamburger roulotes'),(433,'tosta deja vu + cha verde (?)'),(434,'cerveja charrua'),(435,'paes de leite, pingo doce cais sodre'),(436,'carregar telemovel'),(437,'gasolina atestar s.pedro estoril BP, 22.47lt, 1.389eur/lt'),(438,'cafe, girasol s. pedro estoril'),(439,'almoco na rua, rolo de carne fingido + sopa'),(440,'devolucao pesos sportzone'),(441,'anime caldas'),(442,'multa emel'),(443,'almoco cantina ihru'),(444,'envio tshirts tshirt-hell devolucao'),(445,'tea lounge, cha e sandes, mafalda'),(446,'(simao pagou-me o almoco)'),(447,'almoco no ihru, + almoco do simao'),(448,'descaf + corneto classico'),(449,'pao de deus ihru'),(450,'bar templarios, consumo minimo'),(451,'2 cheese&amp;amp;amp;amp;amp;amp;amp;amp;amp;amp;amp;amp;amp;amp;amp;amp;#39;s mac oeiras'),(452,'fnac cascaisshopping: cassete carro adaptadora, CD os loucos anos 80, fones AKG'),(453,'mousse maracuja vitaminas cascaisshopping'),(454,'pestana'),(455,'hamburger'),(456,'almoco amoreiras CC vitaminas, salada + sopa + agua'),(457,'cafe cc amoreiras'),(458,'macas modelo parede'),(459,'pao de deus com manteiga, cais sodre bita bota'),(460,'transferencia sofia - caucao paintball'),(461,'almoco'),(462,'cafe + gelado'),(463,'bolo escritorio'),(464,'almoco amoreiras vitaminas'),(465,'pao escuro pingo doce cais sodre'),(466,'levar vacinas alergia, hospital pulido valente'),(467,'almoco plaza grab n go caril de lulas'),(468,'cafe+gelado plaza'),(469,'sandes, escritorio'),(470,'refeicao congelada, esparguete bolonhesa, minipreco rua de s. bento'),(471,'mousse maracuja vitaminas plaza'),(472,'jantar'),(473,'taxi'),(474,'bar da lata - sumo de morango'),(475,'2 cheese natura, mac oeiras'),(476,'jantar solar do duque'),(477,'??? compra C&amp;amp;amp;amp;A ???'),(478,'holmes'),(479,'&quot;DGV&quot; ?? Multa?'),(480,'ccbill'),(481,'compra tshirt-hell'),(482,'mae'),(483,'??? movimento COMPRA JOGOMAR COM HOTEL??'),(484,'compra ccbill'),(485,'carro oficina pagamento 1 de 2'),(486,'gasolina BP s.pedro, 16.95lt, 1.475 eur/lt'),(487,'jantar su nood'),(488,'gasolina galp murtal'),(489,'compras continente cascaisshopping: chinelos pai, cadeado, toalhetes carro'),(490,'cadeado holmes place'),(491,'compra sportzone: tocas'),(492,'oficina'),(493,'pequeno almoco amoreiras'),(494,'revista visao'),(495,'gelado ben n jerry'),(496,'mojito bairro alto'),(497,'powerade holmes place'),(498,'caracol s.pedro girasol'),(499,'jornal publico'),(500,'pequeno almoco cais sodre bitabota'),(501,'decaf dgita'),(502,'bolo maquina dgita'),(503,'bolo s.pedro'),(504,'decaf maquina dgita'),(505,'almoco jumbo + bolachas'),(506,'ben n jerry'),(507,'pizzas pingo doce reboleira'),(508,'viagem barcelona guilhas'),(509,'lanche dgita'),(510,'gasolina BP s.pedro 13lt 1.539 eur/lt'),(511,'portagem a5'),(512,'portagem para abrantes'),(513,'lidl: calcoes + bolos'),(514,'jantar festas de abrantes'),(515,'churro festas'),(516,'coca cola festas'),(517,'tosta oeiras parque vitaminas'),(518,'cinema ressaca2 oeiras parque'),(519,'viagem turquia'),(520,'multa estacionamento'),(521,'viagem pascoa'),(522,'mousse manga vitaminas cascaisshopping'),(523,'lanche fbulas do chiado'),(524,'sapatos + atacadores sportzone cascaisshopping'),(525,'flor me'),(526,'garrafa sigg cascaisshopping'),(527,'gasolina bp s.pedro, 12.59lt, 1.589eur/lt'),(528,'passe mensal'),(529,'gelado praia s.pedro (cornetto enigma)'),(530,'folhado de ma cais sodre'),(531,'powerade holmes'),(532,'lanche praia s.pedro'),(533,'croissant cais sodre'),(534,'jornal de negocios'),(535,'quinita cabelo'),(536,'entrada semana academica'),(537,'follhado ma cais sodre'),(538,'limas (?)'),(539,'lminas barbear leclerc'),(540,'bebidas semana academica (?)'),(541,'consulta Intituto pt microcirurgia ocular'),(542,'entrada plateu'),(543,'jantar su santos'),(544,'gelado e bolo ihru'),(545,'jantar mac cascais'),(546,'jantar burgerking (tania pagou 3)'),(547,'bebidas plateu'),(548,'chamussa e gua cais sodre'),(549,'gasolina bp s.pedro 12.76lt, 1.569 eur/lt'),(550,'tea lounge (?)'),(551,'caipirinha karma'),(552,'churrascada not'),(553,'pequeno almoco ihru (greve)'),(554,'compras caldas intermarch'),(555,'gasolina repsol rotunda tires, 12.71lt, 1.574eur/lt'),(556,'decaf xpto (miguel pagou quase tudo)'),(557,'almoco fresco amoreiras'),(558,'boleia hugo para lisboa'),(559,'jantar praia s.pedro'),(560,'cinema beloura tania fast n furious 5'),(561,'jantar jumbo cascais'),(562,'red bull bomba galp autoestrada'),(563,'entrada lux'),(564,'portagem A5 carvavelos sentido cascais (greve)'),(565,'whiskey lux'),(566,'bebidas lux'),(567,'cafe e bolo bita bota'),(568,'(levei almoco de casa)'),(569,'bolo s.pedro girasol'),(570,'gasolina repsol tires, 12.5lt, 1.599 eur/lt'),(571,'bebidas aquarius jumbo amoreiras'),(572,'corneto soft amoreiras'),(573,'jantar mac rossio'),(574,'jantar praia (tania pagou-me 5eur)'),(575,'pagamento abrantes not'),(576,'imposto unico de circulacao'),(577,'desodorizante continente oeiras parque'),(578,'fato zara oeiras parque'),(579,'pastel de nata izi oeiras'),(580,'candeeiro leroy merlin alfragide'),(581,'livro economia fnac alegro alfragide'),(582,'gasolina bp s.pedro, 6.54 lt, 1.529eur/lt'),(583,'caipirinha number2'),(584,'jantar burger king birre'),(585,'gasolina repsol'),(586,'viagem pascoa baluga'),(587,'descafeinado dgita'),(588,'ben n jerrys amoreiras'),(589,'gelado ben n jerrys'),(590,'jumbo amoreiras powerade e snickers'),(591,'gasolina repsol trajouce 9.40lt, 1.596eur/lt'),(592,'portagem A5 cascais'),(593,'bombar sintra quizz'),(594,'almoco pote alentejano'),(595,'gelado praia costa da caparica'),(596,'gasolina, galp murtal'),(597,'folhado misto bita bota'),(598,'folhado e cafe s.pedro girasol'),(599,'bolo dgita'),(600,'minis e tosta monte da caparica'),(601,'tosta e coca cola bar da lata'),(602,'ben n jerrys'),(603,'fizz amoreiras'),(604,'magnum morango amoreiras'),(605,'imperiais deck'),(606,'rifa oeiras park'),(607,'arrumador'),(608,'caipiporto bairro canarios'),(609,'entrada viking'),(610,'cola viking'),(611,'mac oeiras, cheese e agua'),(612,'garoto dgita'),(613,'almoco vitaminas'),(614,'gasolina BP s.pedro, 1.499 eur/lt, 10.01lt'),(615,'entrada marginalle'),(616,'arranjo fato zara oeiras park'),(617,'vitamin water holmes'),(618,'gelado ol chiado'),(619,'mac oeiras nuggets4'),(620,'folhado girasol s.pedro'),(621,'bolo e cappucino dgita'),(622,'quinita, cabelo e peito'),(623,'viagem tailandia janeiro(825.32+.89+22.28)'),(624,'almoco jumbo'),(625,'cappucino dgita'),(626,'outro decaf dgita'),(627,'bolachas jumbo amoreiras cc'),(628,'gelado fizz amoreiras'),(629,'divida mini lux'),(630,'gasolina bp s.pedro, 9.81lt, 1.529eur/lt'),(631,'coca cola bomba bp s.pedro'),(632,'pao de leite s.pedro girasol'),(633,'capucino decaf dgita'),(634,'outro capucino decaf dgita'),(635,'jantar mac cascaishopping (tania pagou 2)'),(636,'croissant dgita'),(637,'bilhetes SBSR'),(638,'cheeseburger mac colombo'),(639,'cerveja bairro alto'),(640,'SBSR bebidas e jantar'),(641,'bilhete fertagus 7rios-coina (SBSR)'),(642,'gasolina bp s.pedro 9.62lt, 1.559eur/lt'),(643,'livros book depository: clash of kings, storm of swords'),(644,'bilhete TST coina-SBSR'),(645,'calas springfield'),(646,'almoco pizza tok parque das nacoes'),(647,'almoco indiano taj mahal cascais'),(648,'bebidas e jantar SBSR (?)'),(649,'outro bolo dgita'),(650,'chamussa cais do sodre'),(651,'gasolina repsol tires'),(652,'jantar mac cascaisshopping'),(653,'mousse vitaminas cascaishoping'),(654,'cinema cascaisshopping'),(655,'-'),(656,'queque bita bota'),(657,'capuccino dgita'),(658,'pagamento tap londres'),(659,'pagamento edreams london'),(660,'almoco H3'),(661,'pequeno almoco bita-bota'),(662,'jantar vitaminas cascaishopping'),(663,'powerade pao de acucar amoreiras'),(664,'almoco go natural'),(665,'gasolina s.pedro 12.91lt, 1.549eur/lt'),(666,'companhia das sandes cascaisvilla'),(667,'cervejas pingo doce cais sodre'),(668,'pequeno almoco lua de mel s.pedro'),(669,'jantar agua+cachorro praia s.pedro'),(670,'jantar restaurante arroios'),(671,'2x cheeseburger macdonalds cascais village'),(672,'cafe bita bota'),(673,'jaegermeister jumbo cascais'),(674,'jantar ??'),(675,'livros feira do livro cais sodre'),(676,'almoco chimarrao amoreiras'),(677,'jantar bar dos gemeos (tania pagou 2??)'),(678,'almoco shoarma amoreiras'),(679,'vinho gordos s.pedro'),(680,'jantar oeiras ??'),(681,'gasolina galp murtal? 9.27lt, 1.619 eur/lt'),(682,'jantar despedidos pizaria parque das nacoes'),(683,'favaios ??'),(684,'vitaminas iogurte com mel e nozes'),(685,'pequeno almoco panificadora mecanica'),(686,'jantar tachinho alentejano paulinho??'),(687,'gasolina bp s.pedro 13.08lt, 1.529eur/lt'),(688,'almoco macdonalds amoreiras'),(689,'almoco shoarma'),(690,'gasolina galp s.domingos de rana 12.51lt, 1.599 eur/lt'),(691,'fones box pao de acucar amoreiras'),(692,'descafeinado amoreiras'),(693,'gelados?'),(694,'gasolina ?? 13.12lt, 1.524eur/lt'),(695,'corantes alimentares intermarche'),(696,'luvas chines cascais'),(697,'macdonalds oeiras'),(698,'almoco chines cascais'),(699,'great american disaster'),(700,'jantar arte e manha'),(701,'jantar anos luis restaurante O Mineiro (mais tania)'),(702,'gasolina repsol s.domingos rana 19.82lt, 1.514eur/lt'),(703,'cartao cidadao'),(704,'taxi alges para s.pedro (greve)'),(705,'irish coffee foxtrot'),(706,'bar da lata'),(707,'jantar pig indiano calcuta'),(708,'galao square cafe'),(709,'laminas barbear mach3 4unid jumbo pao de acucar amoreiras'),(710,'marina cascais ??'),(711,'queijo legumes e fruta, continente cascais'),(712,'gasolina bp s.pedro 12.75lt 1.569eur/lt'),(713,'almoco frescco amoreiras'),(714,'jantar jumbo cascais?'),(715,'?? agua harrods buffet (londres?)'),(716,'jantar vitaminas cascaisshopping ??'),(717,'pequeno almoco?'),(718,'almoco ja fumega'),(719,'teclado HP fnac'),(720,'pure banana e iogurte, vitaminas cascaisshopping'),(721,'gasolina?'),(722,'portagem ponte'),(723,'pure maca vitaminas cascaisshopping'),(724,'portagem torre vedras '),(725,'almoco tapas amoreiras'),(726,'bilhete carris'),(727,'jantar vitaminas oeirasparque'),(728,'laminas mach3 4unid leclerc'),(729,'outro bilhete carris'),(730,'portagem A5 09:00 (acampar)'),(731,'gasolina jumbo alverca'),(732,'parque campismo s.pedro moel'),(733,'jantar chines alverca'),(734,'portagem torres vedras'),(735,'jantar portugalia belem'),(736,'nuggets e iogurte, macdonalds vasco da gama'),(737,'portagem A5 9:00 ??'),(738,'farmacia ??'),(739,'portagem bombarral'),(740,'almoco ?? low fat pizza'),(741,'gasolina galp murtal 6.14lt, 1.629eur/lt'),(742,'imperiais deck?'),(743,'gasolina galp sdr? 6.14lt, 1.629eur/lt'),(744,'gasolina bp s.pedro 9.56lt, 1.569eur/lt'),(745,'s.pedro de moel almoco'),(746,'jantar tostas ?? leclerc?'),(747,'gasolina bp s.pedro 9.87lt, 1.519eur/lt'),(748,'jantar panoramico sol anos tok?'),(749,'gasolina repsol sdr? 9.94lt, 1.509eur/lt'),(750,'desodorizante pao de acucar amoreiras'),(751,'aquarius continente oeiras parque'),(752,'compras pao de acucar amoreiras, acampamento (bebidas)'),(753,'jantar solar do duque marina?'),(754,'jantar wok to walk saldanha + susana'),(755,'compras jantar pingo doce madorna'),(756,'gasolina repsol sdr 13.19lt, 1.516eur/lt'),(757,'portagem A5 (greve)'),(758,'cinema alegro &amp;amp;amp;amp;amp;amp;amp;amp;quot;in time&amp;amp;amp;amp;amp;amp;amp;amp;quot;'),(759,'kayser macaron e descafeinado'),(760,'vacinas viagem hospital curry cabral'),(761,'almoco serra da estrela amoreiras'),(762,'burger king colombo'),(763,'almoco vitaminas amoreiras'),(764,'pipocas cinema alegro'),(765,'jantar terrace jumbo cascais'),(766,'consulta do viajante curry cabral'),(767,'estacionamento aeroporto'),(768,'kayser descafeinado'),(769,'gasolina bp s.pedro 16.57lt, 1.509eur/lt'),(770,'gasolina repsol amadora 16.51lt, 1.514eur/lt'),(771,'kayser 2 macarons e descafeinado'),(772,'extracto ISIC: book depository (game of thrones) e tshirt-hell'),(773,'(barcelona)'),(774,'passe 10 dias cp'),(775,'roupa'),(776,'anuidade cartao jovem (+ imposto selo ??)'),(777,'leilao opensoft'),(778,'transferencia marco lage (londres)'),(779,'vacinas hospital pulido valente'),(780,'almoco macdonalds amoreiras cc'),(781,'compras jumbo agrafador e pasta de dentes'),(782,'compras jumbo iogurtes e bolachas'),(783,'jantar anos cita'),(784,'jantar macdonalds birre'),(785,'vacinas encomenda'),(786,'COMPRA GRANDBER-RESTA ??'),(787,'bilhete bruno ??'),(788,'extracto ISIC'),(789,'compras jumbo cascais halloween'),(790,'descafeinado square'),(791,'casa e roupa'),(792,'emprestimo sofia'),(793,'portagens A5'),(794,'renda inicial'),(795,'portagens A5 visita a casa'),(796,'bauhaus noite de rock'),(797,'chocolate quente mercearia elite s.pedro'),(798,'gasolina galp murtal, 12.87lt, 1.554 eur/lt'),(799,'minis dona ema jantar mini'),(800,'jantar vitaminas cascaisshopping'),(801,'bilhete rodoviaria c.grande-loures'),(802,'bilhete rodoviaria loures-c.grande'),(803,'tarte amendoa square cafe'),(804,'peq almoco pastelaria sem stress'),(805,'folhado misto'),(806,'lampadas jumbo amoreiras'),(807,'taxi greve'),(808,'peq almoco luni'),(809,'iogurte dgita'),(810,'almoco casa das sopas amoreiras'),(811,'cha dgita'),(812,'chocolate dgita'),(813,'jantar dom grill twin towers'),(814,'compras jumbo'),(815,'despesas macaco casa'),(816,'gasolina bp columbano bordalo pinheiro, 12.2lt, 1.639eur/lt'),(817,'mercearia elite, chocolate quente e queijada'),(818,'compras continente cascaisshopping'),(819,'lampada jumbo amoreiras'),(820,'gasolina repsol trajouce, 9.50lt, 1.579eur/lt'),(821,'compras jumbo amoreiras'),(822,'portagem A5 carcavelos sentido lisboa'),(823,'renda janeiro'),(824,'contas casa dezembro'),(825,'sofia, filtro de ar, espelhos e calcas'),(826,'livro dance with dragons bookdepository.co.uk'),(827,'livro the trial, franz kafka, bookdepository.co.uk'),(828,'pastel de carne square cafe'),(829,'vinho moscatel pingo doce'),(830,'cafe amoreiras'),(831,'compras jumbo lanche'),(832,'lampada cozinha jumbo amoreiras'),(833,'sundae macdonald&amp;amp;#39;s amoreiras'),(834,'jantar pateo saldanha'),(835,'compras minipreco'),(836,'pequeno almoco \"alpaje\"?'),(837,'sundae macdonald&amp;amp;amp;#39;s amoreiras'),(838,'decaf amoreiras square'),(839,'gasolina galp aboboda'),(840,'pao tigre leclerc'),(841,'jantar burger ranch leclerc'),(842,'compras pao de acucar amoreiras - dia dos namorados, alimentacao e compras'),(843,'parfois brincos joana dia dos namorados'),(844,'compras pao de acucar amoreiras - chocolates joana e almoco'),(845,'pequeno almoco &quot;alpaje&quot;?'),(846,'compras minipreco alimentacao (joana: 11.5)'),(847,'almoco e lanche panificadora mecanica'),(848,'bar garagem galao pequeno almoco'),(849,'sundae macdonald&amp;amp;amp;amp;#39;s amoreiras'),(850,'jantar vegetariano?'),(851,'compras minipreco alimentacao'),(852,'jantar restaurante amore mio'),(853,'compras pao de acucar amoreiras jantar'),(854,'pequeno almoco alpaje?'),(855,'almoco restaurante O gama'),(856,'compras minipreco jantar'),(857,'compras pao de acucar amoreiras jantar mariana'),(858,'pequeno almoco &amp;quot;alpaje&amp;quot;?'),(859,'sundae macdonald&amp;amp;amp;amp;amp;#39;s amoreiras'),(860,'pequeno almoco &amp;amp;quot;alpaje&amp;amp;quot;?'),(861,'sundae macdonald&amp;amp;amp;amp;amp;amp;#39;s amoreiras'),(862,'pequeno almoco &amp;amp;amp;quot;alpaje&amp;amp;amp;quot;?'),(863,'sundae macdonald&amp;amp;amp;amp;amp;amp;amp;#39;s amoreiras'),(864,'sundae macdonald&amp;amp;amp;amp;amp;amp;amp;amp;#39;s amoreiras'),(865,'compras minipreco leite'),(866,'sundae macdonald&amp;amp;amp;amp;amp;amp;amp;amp;amp;#39;s amoreiras'),(867,'gasolina BP colombano, 8.88lt, 1.689eur/lt'),(868,'bilhete metro ?'),(869,'planta nae continente colombo'),(870,'estacionamento colombo'),(871,'agua continente cascaisshopping'),(872,'compras minipreco casa e alimentacao'),(873,'sundae macdonald&amp;amp;amp;amp;amp;amp;amp;amp;amp;amp;#39;s amoreiras'),(874,'passe navegante metro'),(875,'pequeno almoco metro rato'),(876,'sundae macdonald&amp;amp;amp;amp;amp;amp;amp;amp;amp;amp;amp;#39;s amoreiras'),(877,'sundae macdonald&amp;amp;amp;amp;amp;amp;amp;amp;amp;amp;amp;amp;#39;s amoreiras'),(878,'almoco joshua'),(879,'sundae macdonalds amoreiras'),(880,'compras minipreco (joana?)'),(881,'cinema'),(882,'gasolina repsol ?'),(883,'transferencia ??? contas casa?'),(884,'ISIC'),(885,'iogurtes pao de acucar amoreiras'),(886,'pastel de nata escritorio'),(887,'ble'),(888,''),(889,'compras pingo doce alimentacao'),(890,'reembolso tok'),(891,'queijada square cafe'),(892,'jantar chines joana'),(893,'gasolina repsol 6.10lt, 1.639eur/lt'),(894,'repsol sdr waffers e sagres para lan'),(895,'almoco lan tpais'),(896,'almoco origem amoreiras'),(897,'contas casa'),(898,'cafe? square'),(899,'compras pingo doce alimentacao e higiene'),(900,'compras alimentacao'),(901,'jantar hamburgueres na baixa joana'),(902,'contas casa batista'),(903,'compras minipreco alimentacao e higiene'),(904,'almoco mac joana'),(905,'compras pingo doce aniversario'),(906,'compras pingo doce sangria margarida (26.56)'),(907,'frangos'),(908,'compras pingo doce salada joana? (4.56)'),(909,'decaf mac'),(910,'cafe com gelado joana'),(911,'gasolina galp amoreiras A5 (geforce95) 11.53lt, 1.734eur/lt'),(912,'massa pao de acucar amoreiras jantar'),(913,'creme para maos jumbo amoreiras'),(914,'portagem A5 carcavelos x2'),(915,'chocolate magnum square cafe'),(916,'jantar gui e patricia'),(917,'jantar mini e carolina'),(918,'perfume pai pao de acucar amoreiras'),(919,'compras jantar pao de acucar amoreiras'),(920,'chuveiro amoreiras'),(921,'whiskey santos anos mafalda'),(922,'empada ?'),(923,'portagem ponte 25 de abril ?'),(924,'caixas cartao AKI cascais'),(925,'bilhete CP cais sodre ?'),(926,'riviera ?'),(927,'gasolina BP s pedro, 19.75lt, 1.519eur/lt'),(928,'pequeno almoco lua de mel s. pedro'),(929,'compras iluminacao IKEA'),(930,'jantar opensoft odivelas'),(931,'jantar H3 saldanha'),(932,'compras casa el corte ingles'),(933,'farmacia almeida'),(934,'vacinas viajante'),(935,'cuecas CeA amoreiras'),(936,'compras pao de acucar amoreiras'),(937,'caixa de 4 madonalds cascais'),(938,'almoco burger king colombo'),(939,'arc farmacia ?'),(940,'pequeno almoco hospital HPV'),(941,'bilhetes metro'),(942,'prendas funmacia'),(943,'portagem A5 estoril'),(944,'jantar tosta no lyzbonne com a joana'),(945,'??? jantar?'),(946,'gasolina parede (efitec?) 13.34lt, 1.499eur/lt'),(947,'jantar rest bota alta ??'),(948,'bilhetes metro ?'),(949,'prenda ana lopes opensoft natura colombo'),(950,'jantar joana saladas colombo'),(951,'compras natal el corte ingles'),(952,'bilhete metro'),(953,'almoco dgita'),(954,'cafe'),(955,'compras chocolates natal'),(956,'gasolina repsol sdr 13.25lt, 1.509eur/lt'),(957,'pequeno almoco alpaje ?'),(958,'almoco canas e tapas amoreiras'),(959,'pequeno almoco pastelaria africana ? s. sebastiao ?'),(960,'almoco praia carcavelos joana?'),(961,'almoco vitaminas vasco da gama tok'),(962,'passe carris metro rede'),(963,'compras alimentacao e higiene'),(964,'mcflurry amoreiras'),(965,'almoco madconalds amoreiras'),(966,'sundae chocolate mac amoreiras'),(967,'gasolina galp oeiras 15.78lt, 1.584eur/lt'),(968,'??? kse market funmacia?'),(969,'compras alimentacao pao de acucar amoreiras'),(970,'gasolina galp seixal 25.02lt, 1.599eur/lt'),(971,'renda'),(972,'viagem TAP'),(973,'mae ajudas de casa'),(974,'compras bricolage ?'),(975,'bebidas bairro ?'),(976,'almoco restaurante o gama?'),(977,'prsv gasolineira'),(978,'almoco go natural plaza'),(979,'pequeno almoco pastelaria sem stree'),(980,'pequeno almoco pastelaria sem stress'),(981,'pedro pina gastos da festa'),(982,'jantar hamburger cita'),(983,'compras mae cascaisshopping'),(984,'dentista'),(985,'pastilhas maquina loica'),(986,'almoco tasca bela moracea'),(987,'Adina'),(988,'compras minipreco, escovas dentes + guardanapos + prsv'),(989,'compras minipreco, escovas dentes + papel higienico + prsv'),(990,'compras jumbo alimentacao e lampada'),(991,'almoco star-feita plaza'),(992,'chocolate lion amoreiras'),(993,'bilhetes teatro marias ao poder'),(994,'dentista mae'),(995,'lol'),(996,'dasdas'),(997,'lanche guerra junqueiro'),(998,'jantar guilhas (eu + joana)'),(999,'bebidas bairro ~'),(1000,'bilhete CP s.pedro'),(1001,'pequeno almoco metro saldanha'),(1002,'almoco fcul'),(1003,'pao de leite escritorio'),(1004,'croissant chocolate escritorio'),(1005,'drogas'),(1006,'mais drogas'),(1007,'bilhete CP c.sodre'),(1008,'bilhete CP s.joao'),(1009,'portagem A5 carcavelos sentdo cascais joana'),(1010,'almoco churrasqueira joana'),(1011,'tomada electrica chines'),(1012,'sobremesa pasta house plaza'),(1013,'jantar pao de acucar amoreiras'),(1014,'compras ikea casa'),(1015,'bolachas ikea'),(1016,'cinema oeiras parque hunter games joana'),(1017,'jantar casa das sopas oeiras parque'),(1018,'consulta alergias pulido valente'),(1019,'transferencia sofia western union'),(1020,'mealheiro'),(1021,'decaf fcul'),(1022,'pequeno almoco rato'),(1023,'parafusos estor quarto'),(1024,'conta luz batista'),(1025,'cafe + chococolate square cafe'),(1026,'bar piper&amp;amp;amp;amp;amp;amp;amp;amp;amp;amp;#39;s cascais, hamburger e agua'),(1027,'almoco joshua&amp;amp;amp;amp;amp;amp;amp;amp;amp;amp;#39;s shoarma amoreiras cc'),(1028,'cervejas lima&amp;amp;amp;amp;amp;amp;amp;amp;amp;amp;amp;#39;s bar'),(1029,'&amp;quot;DGV&amp;quot; ?? Multa?'),(1030,'gelado santini chiado'),(1031,'lenore bdmania'),(1032,'sumo B laranja cais sodre'),(1033,'pastel nata belem'),(1034,'jantar armazens chiado'),(1035,'renda abril + oleo joao + jantar macaco'),(1036,'compras pingo doce'),(1037,'sacos do lixo'),(1038,'gasolina'),(1039,'burger ranch leclerc'),(1040,'pastas dentes leclerc'),(1041,'almoco H3 amoreiras plaza'),(1042,'almoco portugalia amoreiras cc'),(1043,'bilhetes teatro mae'),(1044,'almoco panificadora mecanica + cafe'),(1045,'compras pingo doce papel higienico'),(1046,'compras alimentacao e termometro'),(1047,'almoco panificadora mecanica + salada'),(1048,'almoco fct edificio 7'),(1049,'jumbo amoreiras'),(1050,'decaf fct edificio 7'),(1051,'gelado ben n jerrys costa caparica'),(1052,'compras chines limpeza da casa'),(1053,'pingo doce'),(1054,'almoco tailandes calcao'),(1055,'compras alimentacao pingo doce alameda'),(1056,'jantar continente vasco da gama'),(1057,'barras de cereais e iogurte pingo doce cais sodre'),(1058,'telemovel joana'),(1059,'decaf square cafe'),(1060,'compras jumbo amoreiras jantar'),(1061,'almoco kayser'),(1062,'decaf kayser'),(1063,'square cafe'),(1064,'frangos restaurante quionga'),(1065,'compras pingo doce madorna bife frango'),(1066,'minipreco gelado frutos bosque'),(1067,'decaf e chocolate, square cafe'),(1068,'compras pingo doce alameda sopa'),(1069,'iogurtes minipreco'),(1070,'pequeno almoco metro rato x2'),(1071,'pequeno almoco rato x2'),(1072,'gasolina galp duarte pacheco 8.75lt, 1.714eur/lt'),(1073,'pingo doce higiene e alimentacao'),(1074,'pingo doce rolos de cozinha'),(1075,'compras pao de acucar amoreiras sopa'),(1076,'agua funcenter colombo'),(1077,'pao de mistura minipreco'),(1078,'cebola minipreco'),(1079,'compras pingo doce para a noite de jogos'),(1080,'caipirinha lx factory (?)'),(1081,'almoco madpizza plaza'),(1082,'compras pequeno almoco pingo doce carlos mardel'),(1083,'compras jantar jumbo amoreiras'),(1084,'almoco panificadora mecanica + semi frio de morango'),(1085,'compra amazon, livro \'guitar for dummies\' (dia 21)'),(1086,'compra amazon, livro -guitar for dummies- (dia 21)'),(1087,'lanche'),(1088,'telefone'),(1089,'bilhete rck in rio'),(1090,'bilhete rock in rio'),(1091,'consulta medica de familia'),(1092,'jantar acoriano'),(1093,'pepsi rock in rio'),(1094,'bilhete CP direcao s.pedro'),(1095,'happy meal joana'),(1096,'cafe amoreiras square'),(1097,'compras minipreco, iogurtes e pequeno almoco'),(1098,'mariana'),(1099,'compras pao de acucar amoreiras casa papel higienico e pastilhas maquina'),(1100,'almoco pingo doce carlos mardel'),(1101,'compras jantar futebol'),(1102,'janar vegetariano anos su'),(1103,'lanche minipreco'),(1104,'renda, menos despesas mensais'),(1105,'paes de leite, mercado de arroios'),(1106,'bilhete CP para sintra'),(1107,'almoco vegetariano anos mana'),(1108,'inspeccao carro'),(1109,'bilhete CP cascais-cais sodre'),(1110,'compras lanche minipreco'),(1111,'jantar vegetariano anos su'),(1112,'almoco pizza pingo doce'),(1113,'compras casa pingo doce'),(1114,'prendas joao e sofia funmacia'),(1115,'prenda pai avental funny vasco da gama'),(1116,'prenda pai vinho do porto continente vasco da gama'),(1117,'prendas joao e sofia velas natura vasco da gama'),(1118,'vela aromatica natura vasco da gama'),(1119,'compras chines linha de cozer e velas'),(1120,'compras pingo doce carlos mardel alimentacao e higiene'),(1121,'bebidas festas de tires'),(1122,'bilhetes cinema Branca de Neve e o Cacador -- oeiras parque'),(1123,'bilhetes cinema joana'),(1124,'macdrive oeiras'),(1125,'analises'),(1126,'compras minipreco pequeno almoco'),(1127,'compras minipreco mariana casa'),(1128,'iogurtes joana leclerc'),(1129,'santos'),(1130,'jantar marina e bebidas santos'),(1131,'jantar vegetariano joana'),(1132,'minipreco rolos de cozinha'),(1133,'almoco panificadora mecanica + decaf + chocolate'),(1134,'bebidas concentracao harley davidson'),(1135,'compras pao de acucar amoreiras - jantar e alimentacao'),(1136,'aspirador box jumbo amoreiras'),(1137,'compras jantar pingo doce'),(1138,'bilhete CP direcao s.pedro ida e volta'),(1139,'sangria praia azarujinha'),(1140,'prenda zi caetano'),(1141,'jantar H3 el corte ingles'),(1142,'compras casa rolo cozinha e sacos lixo'),(1143,'el corte ingles croissants'),(1144,'papel higienico pingo doce'),(1145,'renda e contas'),(1146,'decaf amoreiras square x2'),(1147,'almoco go natural desconto wtf'),(1148,'gelado amoreiras square'),(1149,'jantar pancas'),(1150,'bebida avenida da liberdade'),(1151,'gel sofia'),(1152,'carioca de limao, mercearia elite'),(1153,'jantar vitaminas colombo'),(1154,'cervejas bar why not');
/*!40000 ALTER TABLE `gastosapp_spendingdescription` ENABLE KEYS */;
UNLOCK TABLES;

--
-- Table structure for table `gastosapp_spendinglocation`
--

DROP TABLE IF EXISTS `gastosapp_spendinglocation`;
/*!40101 SET @saved_cs_client     = @@character_set_client */;
/*!40101 SET character_set_client = utf8 */;
CREATE TABLE `gastosapp_spendinglocation` (
  `id` int(11) NOT NULL AUTO_INCREMENT,
  `description` varchar(200) NOT NULL,
  PRIMARY KEY (`id`)
) ENGINE=MyISAM DEFAULT CHARSET=latin1;
/*!40101 SET character_set_client = @saved_cs_client */;

--
-- Dumping data for table `gastosapp_spendinglocation`
--

LOCK TABLES `gastosapp_spendinglocation` WRITE;
/*!40000 ALTER TABLE `gastosapp_spendinglocation` DISABLE KEYS */;
/*!40000 ALTER TABLE `gastosapp_spendinglocation` ENABLE KEYS */;
UNLOCK TABLES;

--
-- Table structure for table `gastosapp_spendingtype`
--

DROP TABLE IF EXISTS `gastosapp_spendingtype`;
/*!40101 SET @saved_cs_client     = @@character_set_client */;
/*!40101 SET character_set_client = utf8 */;
CREATE TABLE `gastosapp_spendingtype` (
  `id` int(11) NOT NULL AUTO_INCREMENT,
  `description` varchar(200) NOT NULL,
  PRIMARY KEY (`id`)
) ENGINE=MyISAM AUTO_INCREMENT=37 DEFAULT CHARSET=latin1;
/*!40101 SET character_set_client = @saved_cs_client */;

--
-- Dumping data for table `gastosapp_spendingtype`
--

LOCK TABLES `gastosapp_spendingtype` WRITE;
/*!40000 ALTER TABLE `gastosapp_spendingtype` DISABLE KEYS */;
INSERT INTO `gastosapp_spendingtype` VALUES (1,'casa'),(2,''),(3,'compras'),(4,'compras:casa'),(5,'diario:alimentacao'),(6,'casa:alimentacao'),(7,'outros'),(8,'saidas'),(9,'saidas:noite'),(10,'mensal'),(11,'gasolina'),(12,'compras:natal'),(13,'mensal:telemovel'),(14,'carro:oficina'),(15,'carro:seguro'),(16,'viagem'),(17,'carro:iuc'),(18,'saidas:eventos'),(19,'compras:alimentacao'),(20,'alimentacao:casa'),(21,'varios'),(22,'prendas'),(23,'saude'),(24,'telemovel'),(25,'festa'),(26,'prenda'),(27,'prendas:natal'),(28,'cenas_essenciais'),(29,'cenas essenciais'),(30,'mealheiro'),(31,'ga'),(32,'cm'),(33,'alimentacao'),(34,'mensais'),(35,'sai'),(36,'carro');
/*!40000 ALTER TABLE `gastosapp_spendingtype` ENABLE KEYS */;
UNLOCK TABLES;
/*!40103 SET TIME_ZONE=@OLD_TIME_ZONE */;

/*!40101 SET SQL_MODE=@OLD_SQL_MODE */;
/*!40014 SET FOREIGN_KEY_CHECKS=@OLD_FOREIGN_KEY_CHECKS */;
/*!40014 SET UNIQUE_CHECKS=@OLD_UNIQUE_CHECKS */;
/*!40101 SET CHARACTER_SET_CLIENT=@OLD_CHARACTER_SET_CLIENT */;
/*!40101 SET CHARACTER_SET_RESULTS=@OLD_CHARACTER_SET_RESULTS */;
/*!40101 SET COLLATION_CONNECTION=@OLD_COLLATION_CONNECTION */;
/*!40111 SET SQL_NOTES=@OLD_SQL_NOTES */;

-- Dump completed on 2012-07-12 23:00:46
